document_id,cleaned_text,sentiment
0,love fact fragranc free doesnt dri skin,1
1,gift,1
2,time classic,1
3,mr bubbl realli help reduc dryness skin cold winter isnt child doesnt like bubbl softer skin recommend,1
4,good valu product thought would produc bubbl,1
5,work great love scentless use cap half make perfect amount bubbl,1
6,kid love bubbl bath make lot bubbl tear free wish came larger size go pretti quickli order two four pack keep around,1
7,month old love good bubbl bath perfect gentl skin,1
8,blast past child bubbl bath bring great joy still around love,0
9,nunca sent tan estafada con algo eso era espuma de baño e agua pura la peor compra que hice,0
10,良い,0
11,pareil quand jétai jeun,0
12,相当なスキルを持った商品ですモチベーション上がりました,0
13,love fact fragranc free doesnt dri skin,1
14,gift,1
15,time classic,1
16,mr bubbl realli help reduc dryness skin cold winter isnt child doesnt like bubbl softer skin recommend,1
17,good valu product thought would produc bubbl,1
18,work great love scentless use cap half make perfect amount bubbl,1
19,kid love bubbl bath make lot bubbl tear free wish came larger size go pretti quickli order two four pack keep around,1
20,month old love good bubbl bath perfect gentl skin,1
21,blast past child bubbl bath bring great joy still around love,0
22,nunca sent tan estafada con algo eso era espuma de baño e agua pura la peor compra que hice,0
23,良い,0
24,pareil quand jétai jeun,0
25,相当なスキルを持った商品ですモチベーション上がりました,0
26,love fact fragranc free doesnt dri skin,1
27,gift,1
28,time classic,1
29,mr bubbl realli help reduc dryness skin cold winter isnt child doesnt like bubbl softer skin recommend,1
30,good valu product thought would produc bubbl,1
31,work great love scentless use cap half make perfect amount bubbl,1
32,kid love bubbl bath make lot bubbl tear free wish came larger size go pretti quickli order two four pack keep around,1
33,month old love good bubbl bath perfect gentl skin,1
34,blast past child bubbl bath bring great joy still around love,0
35,nunca sent tan estafada con algo eso era espuma de baño e agua pura la peor compra que hice,0
36,良い,0
37,pareil quand jétai jeun,0
38,相当なスキルを持った商品ですモチベーション上がりました,0
39,love fact fragranc free doesnt dri skin,1
40,gift,1
41,time classic,1
42,mr bubbl realli help reduc dryness skin cold winter isnt child doesnt like bubbl softer skin recommend,1
43,good valu product thought would produc bubbl,1
44,work great love scentless use cap half make perfect amount bubbl,1
45,kid love bubbl bath make lot bubbl tear free wish came larger size go pretti quickli order two four pack keep around,1
46,month old love good bubbl bath perfect gentl skin,1
47,blast past child bubbl bath bring great joy still around love,0
48,nunca sent tan estafada con algo eso era espuma de baño e agua pura la peor compra que hice,0
49,良い,0
50,pareil quand jétai jeun,0
51,相当なスキルを持った商品ですモチベーション上がりました,0
52,love fact fragranc free doesnt dri skin,1
53,gift,1
54,time classic,1
55,mr bubbl realli help reduc dryness skin cold winter isnt child doesnt like bubbl softer skin recommend,1
56,good valu product thought would produc bubbl,1
57,work great love scentless use cap half make perfect amount bubbl,1
58,kid love bubbl bath make lot bubbl tear free wish came larger size go pretti quickli order two four pack keep around,1
59,month old love good bubbl bath perfect gentl skin,1
60,blast past child bubbl bath bring great joy still around love,0
61,nunca sent tan estafada con algo eso era espuma de baño e agua pura la peor compra que hice,0
62,良い,0
63,pareil quand jétai jeun,0
64,相当なスキルを持った商品ですモチベーション上がりました,0
65,love fact fragranc free doesnt dri skin,1
66,gift,1
67,time classic,1
68,mr bubbl realli help reduc dryness skin cold winter isnt child doesnt like bubbl softer skin recommend,1
69,good valu product thought would produc bubbl,1
70,work great love scentless use cap half make perfect amount bubbl,1
71,kid love bubbl bath make lot bubbl tear free wish came larger size go pretti quickli order two four pack keep around,1
72,month old love good bubbl bath perfect gentl skin,1
73,blast past child bubbl bath bring great joy still around love,0
74,nunca sent tan estafada con algo eso era espuma de baño e agua pura la peor compra que hice,0
75,良い,0
76,pareil quand jétai jeun,0
77,相当なスキルを持った商品ですモチベーション上がりました,0
78,love fact fragranc free doesnt dri skin,1
79,gift,1
80,time classic,1
81,mr bubbl realli help reduc dryness skin cold winter isnt child doesnt like bubbl softer skin recommend,1
82,good valu product thought would produc bubbl,1
83,work great love scentless use cap half make perfect amount bubbl,1
84,kid love bubbl bath make lot bubbl tear free wish came larger size go pretti quickli order two four pack keep around,1
85,month old love good bubbl bath perfect gentl skin,1
86,blast past child bubbl bath bring great joy still around love,0
87,nunca sent tan estafada con algo eso era espuma de baño e agua pura la peor compra que hice,0
88,良い,0
89,pareil quand jétai jeun,0
90,相当なスキルを持った商品ですモチベーション上がりました,0
91,love fact fragranc free doesnt dri skin,1
92,gift,1
93,time classic,1
94,mr bubbl realli help reduc dryness skin cold winter isnt child doesnt like bubbl softer skin recommend,1
95,good valu product thought would produc bubbl,1
96,work great love scentless use cap half make perfect amount bubbl,1
97,kid love bubbl bath make lot bubbl tear free wish came larger size go pretti quickli order two four pack keep around,1
98,month old love good bubbl bath perfect gentl skin,1
99,blast past child bubbl bath bring great joy still around love,0
100,nunca sent tan estafada con algo eso era espuma de baño e agua pura la peor compra que hice,0
101,良い,0
102,pareil quand jétai jeun,0
103,相当なスキルを持った商品ですモチベーション上がりました,0
104,love fact fragranc free doesnt dri skin,1
105,gift,1
106,time classic,1
107,mr bubbl realli help reduc dryness skin cold winter isnt child doesnt like bubbl softer skin recommend,1
108,good valu product thought would produc bubbl,1
109,work great love scentless use cap half make perfect amount bubbl,1
110,kid love bubbl bath make lot bubbl tear free wish came larger size go pretti quickli order two four pack keep around,1
111,month old love good bubbl bath perfect gentl skin,1
112,blast past child bubbl bath bring great joy still around love,0
113,nunca sent tan estafada con algo eso era espuma de baño e agua pura la peor compra que hice,0
114,良い,0
115,pareil quand jétai jeun,0
116,相当なスキルを持った商品ですモチベーション上がりました,0
117,love fact fragranc free doesnt dri skin,1
118,gift,1
119,time classic,1
120,mr bubbl realli help reduc dryness skin cold winter isnt child doesnt like bubbl softer skin recommend,1
121,good valu product thought would produc bubbl,1
122,work great love scentless use cap half make perfect amount bubbl,1
123,kid love bubbl bath make lot bubbl tear free wish came larger size go pretti quickli order two four pack keep around,1
124,month old love good bubbl bath perfect gentl skin,1
125,blast past child bubbl bath bring great joy still around love,0
126,nunca sent tan estafada con algo eso era espuma de baño e agua pura la peor compra que hice,0
127,良い,0
128,pareil quand jétai jeun,0
129,相当なスキルを持った商品ですモチベーション上がりました,0
130,love fact fragranc free doesnt dri skin,1
131,gift,1
132,time classic,1
133,mr bubbl realli help reduc dryness skin cold winter isnt child doesnt like bubbl softer skin recommend,1
134,good valu product thought would produc bubbl,1
135,work great love scentless use cap half make perfect amount bubbl,1
136,kid love bubbl bath make lot bubbl tear free wish came larger size go pretti quickli order two four pack keep around,1
137,month old love good bubbl bath perfect gentl skin,1
138,blast past child bubbl bath bring great joy still around love,0
139,nunca sent tan estafada con algo eso era espuma de baño e agua pura la peor compra que hice,0
140,良い,0
141,pareil quand jétai jeun,0
142,相当なスキルを持った商品ですモチベーション上がりました,0
143,love fact fragranc free doesnt dri skin,1
144,gift,1
145,time classic,1
146,mr bubbl realli help reduc dryness skin cold winter isnt child doesnt like bubbl softer skin recommend,1
147,good valu product thought would produc bubbl,1
148,work great love scentless use cap half make perfect amount bubbl,1
149,kid love bubbl bath make lot bubbl tear free wish came larger size go pretti quickli order two four pack keep around,1
150,month old love good bubbl bath perfect gentl skin,1
151,blast past child bubbl bath bring great joy still around love,0
152,nunca sent tan estafada con algo eso era espuma de baño e agua pura la peor compra que hice,0
153,良い,0
154,pareil quand jétai jeun,0
155,相当なスキルを持った商品ですモチベーション上がりました,0
156,love fact fragranc free doesnt dri skin,1
157,gift,1
158,time classic,1
159,mr bubbl realli help reduc dryness skin cold winter isnt child doesnt like bubbl softer skin recommend,1
160,good valu product thought would produc bubbl,1
161,work great love scentless use cap half make perfect amount bubbl,1
162,kid love bubbl bath make lot bubbl tear free wish came larger size go pretti quickli order two four pack keep around,1
163,month old love good bubbl bath perfect gentl skin,1
164,blast past child bubbl bath bring great joy still around love,0
165,nunca sent tan estafada con algo eso era espuma de baño e agua pura la peor compra que hice,0
166,良い,0
167,pareil quand jétai jeun,0
168,相当なスキルを持った商品ですモチベーション上がりました,0
169,love fact fragranc free doesnt dri skin,1
170,gift,1
171,time classic,1
172,mr bubbl realli help reduc dryness skin cold winter isnt child doesnt like bubbl softer skin recommend,1
173,good valu product thought would produc bubbl,1
174,work great love scentless use cap half make perfect amount bubbl,1
175,kid love bubbl bath make lot bubbl tear free wish came larger size go pretti quickli order two four pack keep around,1
176,month old love good bubbl bath perfect gentl skin,1
177,blast past child bubbl bath bring great joy still around love,0
178,nunca sent tan estafada con algo eso era espuma de baño e agua pura la peor compra que hice,0
179,良い,0
180,pareil quand jétai jeun,0
181,相当なスキルを持った商品ですモチベーション上がりました,0
182,love fact fragranc free doesnt dri skin,1
183,gift,1
184,time classic,1
185,mr bubbl realli help reduc dryness skin cold winter isnt child doesnt like bubbl softer skin recommend,1
186,good valu product thought would produc bubbl,1
187,work great love scentless use cap half make perfect amount bubbl,1
188,kid love bubbl bath make lot bubbl tear free wish came larger size go pretti quickli order two four pack keep around,1
189,month old love good bubbl bath perfect gentl skin,1
190,blast past child bubbl bath bring great joy still around love,0
191,nunca sent tan estafada con algo eso era espuma de baño e agua pura la peor compra que hice,0
192,良い,0
193,pareil quand jétai jeun,0
194,相当なスキルを持った商品ですモチベーション上がりました,0
195,love fact fragranc free doesnt dri skin,1
196,gift,1
197,time classic,1
198,mr bubbl realli help reduc dryness skin cold winter isnt child doesnt like bubbl softer skin recommend,1
199,good valu product thought would produc bubbl,1
200,work great love scentless use cap half make perfect amount bubbl,1
201,kid love bubbl bath make lot bubbl tear free wish came larger size go pretti quickli order two four pack keep around,1
202,month old love good bubbl bath perfect gentl skin,1
203,blast past child bubbl bath bring great joy still around love,0
204,nunca sent tan estafada con algo eso era espuma de baño e agua pura la peor compra que hice,0
205,良い,0
206,pareil quand jétai jeun,0
207,相当なスキルを持った商品ですモチベーション上がりました,0
208,love fact fragranc free doesnt dri skin,1
209,gift,1
210,time classic,1
211,mr bubbl realli help reduc dryness skin cold winter isnt child doesnt like bubbl softer skin recommend,1
212,good valu product thought would produc bubbl,1
213,work great love scentless use cap half make perfect amount bubbl,1
214,kid love bubbl bath make lot bubbl tear free wish came larger size go pretti quickli order two four pack keep around,1
215,month old love good bubbl bath perfect gentl skin,1
216,blast past child bubbl bath bring great joy still around love,0
217,nunca sent tan estafada con algo eso era espuma de baño e agua pura la peor compra que hice,0
218,良い,0
219,pareil quand jétai jeun,0
220,相当なスキルを持った商品ですモチベーション上がりました,0
221,love fact fragranc free doesnt dri skin,1
222,gift,1
223,time classic,1
224,mr bubbl realli help reduc dryness skin cold winter isnt child doesnt like bubbl softer skin recommend,1
225,good valu product thought would produc bubbl,1
226,work great love scentless use cap half make perfect amount bubbl,1
227,kid love bubbl bath make lot bubbl tear free wish came larger size go pretti quickli order two four pack keep around,1
228,month old love good bubbl bath perfect gentl skin,1
229,blast past child bubbl bath bring great joy still around love,0
230,nunca sent tan estafada con algo eso era espuma de baño e agua pura la peor compra que hice,0
231,良い,0
232,pareil quand jétai jeun,0
233,相当なスキルを持った商品ですモチベーション上がりました,0
234,love fact fragranc free doesnt dri skin,1
235,gift,1
236,time classic,1
237,mr bubbl realli help reduc dryness skin cold winter isnt child doesnt like bubbl softer skin recommend,1
238,good valu product thought would produc bubbl,1
239,work great love scentless use cap half make perfect amount bubbl,1
240,kid love bubbl bath make lot bubbl tear free wish came larger size go pretti quickli order two four pack keep around,1
241,month old love good bubbl bath perfect gentl skin,1
242,blast past child bubbl bath bring great joy still around love,0
243,nunca sent tan estafada con algo eso era espuma de baño e agua pura la peor compra que hice,0
244,良い,0
245,pareil quand jétai jeun,0
246,相当なスキルを持った商品ですモチベーション上がりました,0
247,love fact fragranc free doesnt dri skin,1
248,gift,1
249,time classic,1
250,mr bubbl realli help reduc dryness skin cold winter isnt child doesnt like bubbl softer skin recommend,1
251,good valu product thought would produc bubbl,1
252,work great love scentless use cap half make perfect amount bubbl,1
253,kid love bubbl bath make lot bubbl tear free wish came larger size go pretti quickli order two four pack keep around,1
254,month old love good bubbl bath perfect gentl skin,1
255,blast past child bubbl bath bring great joy still around love,0
256,nunca sent tan estafada con algo eso era espuma de baño e agua pura la peor compra que hice,0
257,良い,0
258,pareil quand jétai jeun,0
259,相当なスキルを持った商品ですモチベーション上がりました,0
260,love fact fragranc free doesnt dri skin,1
261,gift,1
262,time classic,1
263,mr bubbl realli help reduc dryness skin cold winter isnt child doesnt like bubbl softer skin recommend,1
264,good valu product thought would produc bubbl,1
265,work great love scentless use cap half make perfect amount bubbl,1
266,kid love bubbl bath make lot bubbl tear free wish came larger size go pretti quickli order two four pack keep around,1
267,month old love good bubbl bath perfect gentl skin,1
268,blast past child bubbl bath bring great joy still around love,0
269,nunca sent tan estafada con algo eso era espuma de baño e agua pura la peor compra que hice,0
270,良い,0
271,pareil quand jétai jeun,0
272,相当なスキルを持った商品ですモチベーション上がりました,0
273,love fact fragranc free doesnt dri skin,1
274,gift,1
275,time classic,1
276,mr bubbl realli help reduc dryness skin cold winter isnt child doesnt like bubbl softer skin recommend,1
277,good valu product thought would produc bubbl,1
278,work great love scentless use cap half make perfect amount bubbl,1
279,kid love bubbl bath make lot bubbl tear free wish came larger size go pretti quickli order two four pack keep around,1
280,month old love good bubbl bath perfect gentl skin,1
281,blast past child bubbl bath bring great joy still around love,0
282,nunca sent tan estafada con algo eso era espuma de baño e agua pura la peor compra que hice,0
283,良い,0
284,pareil quand jétai jeun,0
285,相当なスキルを持った商品ですモチベーション上がりました,0
286,love fact fragranc free doesnt dri skin,1
287,gift,1
288,time classic,1
289,mr bubbl realli help reduc dryness skin cold winter isnt child doesnt like bubbl softer skin recommend,1
290,good valu product thought would produc bubbl,1
291,work great love scentless use cap half make perfect amount bubbl,1
292,kid love bubbl bath make lot bubbl tear free wish came larger size go pretti quickli order two four pack keep around,1
293,month old love good bubbl bath perfect gentl skin,1
294,blast past child bubbl bath bring great joy still around love,0
295,nunca sent tan estafada con algo eso era espuma de baño e agua pura la peor compra que hice,0
296,良い,0
297,pareil quand jétai jeun,0
298,相当なスキルを持った商品ですモチベーション上がりました,0
299,love fact fragranc free doesnt dri skin,1
300,gift,1
301,time classic,1
302,mr bubbl realli help reduc dryness skin cold winter isnt child doesnt like bubbl softer skin recommend,1
303,good valu product thought would produc bubbl,1
304,work great love scentless use cap half make perfect amount bubbl,1
305,kid love bubbl bath make lot bubbl tear free wish came larger size go pretti quickli order two four pack keep around,1
306,month old love good bubbl bath perfect gentl skin,1
307,blast past child bubbl bath bring great joy still around love,0
308,nunca sent tan estafada con algo eso era espuma de baño e agua pura la peor compra que hice,0
309,良い,0
310,pareil quand jétai jeun,0
311,相当なスキルを持った商品ですモチベーション上がりました,0
312,love fact fragranc free doesnt dri skin,1
313,gift,1
314,time classic,1
315,mr bubbl realli help reduc dryness skin cold winter isnt child doesnt like bubbl softer skin recommend,1
316,good valu product thought would produc bubbl,1
317,work great love scentless use cap half make perfect amount bubbl,1
318,kid love bubbl bath make lot bubbl tear free wish came larger size go pretti quickli order two four pack keep around,1
319,month old love good bubbl bath perfect gentl skin,1
320,blast past child bubbl bath bring great joy still around love,0
321,nunca sent tan estafada con algo eso era espuma de baño e agua pura la peor compra que hice,0
322,良い,0
323,pareil quand jétai jeun,0
324,相当なスキルを持った商品ですモチベーション上がりました,0
325,love fact fragranc free doesnt dri skin,1
326,gift,1
327,time classic,1
328,mr bubbl realli help reduc dryness skin cold winter isnt child doesnt like bubbl softer skin recommend,1
329,good valu product thought would produc bubbl,1
330,work great love scentless use cap half make perfect amount bubbl,1
331,kid love bubbl bath make lot bubbl tear free wish came larger size go pretti quickli order two four pack keep around,1
332,month old love good bubbl bath perfect gentl skin,1
333,blast past child bubbl bath bring great joy still around love,0
334,nunca sent tan estafada con algo eso era espuma de baño e agua pura la peor compra que hice,0
335,良い,0
336,pareil quand jétai jeun,0
337,相当なスキルを持った商品ですモチベーション上がりました,0
338,love fact fragranc free doesnt dri skin,1
339,gift,1
340,time classic,1
341,mr bubbl realli help reduc dryness skin cold winter isnt child doesnt like bubbl softer skin recommend,1
342,good valu product thought would produc bubbl,1
343,work great love scentless use cap half make perfect amount bubbl,1
344,kid love bubbl bath make lot bubbl tear free wish came larger size go pretti quickli order two four pack keep around,1
345,month old love good bubbl bath perfect gentl skin,1
346,blast past child bubbl bath bring great joy still around love,0
347,nunca sent tan estafada con algo eso era espuma de baño e agua pura la peor compra que hice,0
348,良い,0
349,pareil quand jétai jeun,0
350,相当なスキルを持った商品ですモチベーション上がりました,0
351,love fact fragranc free doesnt dri skin,1
352,gift,1
353,time classic,1
354,mr bubbl realli help reduc dryness skin cold winter isnt child doesnt like bubbl softer skin recommend,1
355,good valu product thought would produc bubbl,1
356,work great love scentless use cap half make perfect amount bubbl,1
357,kid love bubbl bath make lot bubbl tear free wish came larger size go pretti quickli order two four pack keep around,1
358,month old love good bubbl bath perfect gentl skin,1
359,blast past child bubbl bath bring great joy still around love,0
360,nunca sent tan estafada con algo eso era espuma de baño e agua pura la peor compra que hice,0
361,良い,0
362,pareil quand jétai jeun,0
363,相当なスキルを持った商品ですモチベーション上がりました,0
364,love fact fragranc free doesnt dri skin,1
365,gift,1
366,time classic,1
367,mr bubbl realli help reduc dryness skin cold winter isnt child doesnt like bubbl softer skin recommend,1
368,good valu product thought would produc bubbl,1
369,work great love scentless use cap half make perfect amount bubbl,1
370,kid love bubbl bath make lot bubbl tear free wish came larger size go pretti quickli order two four pack keep around,1
371,month old love good bubbl bath perfect gentl skin,1
372,blast past child bubbl bath bring great joy still around love,0
373,nunca sent tan estafada con algo eso era espuma de baño e agua pura la peor compra que hice,0
374,良い,0
375,pareil quand jétai jeun,0
376,相当なスキルを持った商品ですモチベーション上がりました,0
377,love fact fragranc free doesnt dri skin,1
378,gift,1
379,time classic,1
380,mr bubbl realli help reduc dryness skin cold winter isnt child doesnt like bubbl softer skin recommend,1
381,good valu product thought would produc bubbl,1
382,work great love scentless use cap half make perfect amount bubbl,1
383,kid love bubbl bath make lot bubbl tear free wish came larger size go pretti quickli order two four pack keep around,1
384,month old love good bubbl bath perfect gentl skin,1
385,blast past child bubbl bath bring great joy still around love,0
386,nunca sent tan estafada con algo eso era espuma de baño e agua pura la peor compra que hice,0
387,良い,0
388,pareil quand jétai jeun,0
389,相当なスキルを持った商品ですモチベーション上がりました,0
390,love fact fragranc free doesnt dri skin,1
391,gift,1
392,time classic,1
393,mr bubbl realli help reduc dryness skin cold winter isnt child doesnt like bubbl softer skin recommend,1
394,good valu product thought would produc bubbl,1
395,work great love scentless use cap half make perfect amount bubbl,1
396,kid love bubbl bath make lot bubbl tear free wish came larger size go pretti quickli order two four pack keep around,1
397,month old love good bubbl bath perfect gentl skin,1
398,blast past child bubbl bath bring great joy still around love,0
399,nunca sent tan estafada con algo eso era espuma de baño e agua pura la peor compra que hice,0
400,良い,0
401,pareil quand jétai jeun,0
402,相当なスキルを持った商品ですモチベーション上がりました,0
403,love fact fragranc free doesnt dri skin,1
404,gift,1
405,time classic,1
406,mr bubbl realli help reduc dryness skin cold winter isnt child doesnt like bubbl softer skin recommend,1
407,good valu product thought would produc bubbl,1
408,work great love scentless use cap half make perfect amount bubbl,1
409,kid love bubbl bath make lot bubbl tear free wish came larger size go pretti quickli order two four pack keep around,1
410,month old love good bubbl bath perfect gentl skin,1
411,blast past child bubbl bath bring great joy still around love,0
412,nunca sent tan estafada con algo eso era espuma de baño e agua pura la peor compra que hice,0
413,良い,0
414,pareil quand jétai jeun,0
415,相当なスキルを持った商品ですモチベーション上がりました,0
416,love fact fragranc free doesnt dri skin,1
417,gift,1
418,time classic,1
419,mr bubbl realli help reduc dryness skin cold winter isnt child doesnt like bubbl softer skin recommend,1
420,good valu product thought would produc bubbl,1
421,work great love scentless use cap half make perfect amount bubbl,1
422,kid love bubbl bath make lot bubbl tear free wish came larger size go pretti quickli order two four pack keep around,1
423,month old love good bubbl bath perfect gentl skin,1
424,blast past child bubbl bath bring great joy still around love,0
425,nunca sent tan estafada con algo eso era espuma de baño e agua pura la peor compra que hice,0
426,良い,0
427,pareil quand jétai jeun,0
428,相当なスキルを持った商品ですモチベーション上がりました,0
429,love fact fragranc free doesnt dri skin,1
430,gift,1
431,time classic,1
432,mr bubbl realli help reduc dryness skin cold winter isnt child doesnt like bubbl softer skin recommend,1
433,good valu product thought would produc bubbl,1
434,work great love scentless use cap half make perfect amount bubbl,1
435,kid love bubbl bath make lot bubbl tear free wish came larger size go pretti quickli order two four pack keep around,1
436,month old love good bubbl bath perfect gentl skin,1
437,blast past child bubbl bath bring great joy still around love,0
438,nunca sent tan estafada con algo eso era espuma de baño e agua pura la peor compra que hice,0
439,良い,0
440,pareil quand jétai jeun,0
441,相当なスキルを持った商品ですモチベーション上がりました,0
442,love fact fragranc free doesnt dri skin,1
443,gift,1
444,time classic,1
445,mr bubbl realli help reduc dryness skin cold winter isnt child doesnt like bubbl softer skin recommend,1
446,good valu product thought would produc bubbl,1
447,work great love scentless use cap half make perfect amount bubbl,1
448,kid love bubbl bath make lot bubbl tear free wish came larger size go pretti quickli order two four pack keep around,1
449,month old love good bubbl bath perfect gentl skin,1
450,blast past child bubbl bath bring great joy still around love,0
451,nunca sent tan estafada con algo eso era espuma de baño e agua pura la peor compra que hice,0
452,良い,0
453,pareil quand jétai jeun,0
454,相当なスキルを持った商品ですモチベーション上がりました,0
455,love fact fragranc free doesnt dri skin,1
456,gift,1
457,time classic,1
458,mr bubbl realli help reduc dryness skin cold winter isnt child doesnt like bubbl softer skin recommend,1
459,good valu product thought would produc bubbl,1
460,work great love scentless use cap half make perfect amount bubbl,1
461,kid love bubbl bath make lot bubbl tear free wish came larger size go pretti quickli order two four pack keep around,1
462,month old love good bubbl bath perfect gentl skin,1
463,blast past child bubbl bath bring great joy still around love,0
464,nunca sent tan estafada con algo eso era espuma de baño e agua pura la peor compra que hice,0
465,良い,0
466,pareil quand jétai jeun,0
467,相当なスキルを持った商品ですモチベーション上がりました,0
468,love fact fragranc free doesnt dri skin,1
469,gift,1
470,time classic,1
471,mr bubbl realli help reduc dryness skin cold winter isnt child doesnt like bubbl softer skin recommend,1
472,good valu product thought would produc bubbl,1
473,work great love scentless use cap half make perfect amount bubbl,1
474,kid love bubbl bath make lot bubbl tear free wish came larger size go pretti quickli order two four pack keep around,1
475,month old love good bubbl bath perfect gentl skin,1
476,blast past child bubbl bath bring great joy still around love,0
477,nunca sent tan estafada con algo eso era espuma de baño e agua pura la peor compra que hice,0
478,良い,0
479,pareil quand jétai jeun,0
480,相当なスキルを持った商品ですモチベーション上がりました,0
481,love fact fragranc free doesnt dri skin,1
482,gift,1
483,time classic,1
484,mr bubbl realli help reduc dryness skin cold winter isnt child doesnt like bubbl softer skin recommend,1
485,good valu product thought would produc bubbl,1
486,work great love scentless use cap half make perfect amount bubbl,1
487,kid love bubbl bath make lot bubbl tear free wish came larger size go pretti quickli order two four pack keep around,1
488,month old love good bubbl bath perfect gentl skin,1
489,blast past child bubbl bath bring great joy still around love,0
490,nunca sent tan estafada con algo eso era espuma de baño e agua pura la peor compra que hice,0
491,良い,0
492,pareil quand jétai jeun,0
493,相当なスキルを持った商品ですモチベーション上がりました,0
494,love fact fragranc free doesnt dri skin,1
495,gift,1
496,time classic,1
497,mr bubbl realli help reduc dryness skin cold winter isnt child doesnt like bubbl softer skin recommend,1
498,good valu product thought would produc bubbl,1
499,work great love scentless use cap half make perfect amount bubbl,1
500,kid love bubbl bath make lot bubbl tear free wish came larger size go pretti quickli order two four pack keep around,1
501,month old love good bubbl bath perfect gentl skin,1
502,blast past child bubbl bath bring great joy still around love,0
503,nunca sent tan estafada con algo eso era espuma de baño e agua pura la peor compra que hice,0
504,良い,0
505,pareil quand jétai jeun,0
506,相当なスキルを持った商品ですモチベーション上がりました,0
507,love fact fragranc free doesnt dri skin,1
508,gift,1
509,time classic,1
510,mr bubbl realli help reduc dryness skin cold winter isnt child doesnt like bubbl softer skin recommend,1
511,good valu product thought would produc bubbl,1
512,work great love scentless use cap half make perfect amount bubbl,1
513,kid love bubbl bath make lot bubbl tear free wish came larger size go pretti quickli order two four pack keep around,1
514,month old love good bubbl bath perfect gentl skin,1
515,blast past child bubbl bath bring great joy still around love,0
516,nunca sent tan estafada con algo eso era espuma de baño e agua pura la peor compra que hice,0
517,良い,0
518,pareil quand jétai jeun,0
519,相当なスキルを持った商品ですモチベーション上がりました,0
520,love fact fragranc free doesnt dri skin,1
521,gift,1
522,time classic,1
523,mr bubbl realli help reduc dryness skin cold winter isnt child doesnt like bubbl softer skin recommend,1
524,good valu product thought would produc bubbl,1
525,work great love scentless use cap half make perfect amount bubbl,1
526,kid love bubbl bath make lot bubbl tear free wish came larger size go pretti quickli order two four pack keep around,1
527,month old love good bubbl bath perfect gentl skin,1
528,blast past child bubbl bath bring great joy still around love,0
529,nunca sent tan estafada con algo eso era espuma de baño e agua pura la peor compra que hice,0
530,良い,0
531,pareil quand jétai jeun,0
532,相当なスキルを持った商品ですモチベーション上がりました,0
533,love fact fragranc free doesnt dri skin,1
534,gift,1
535,time classic,1
536,mr bubbl realli help reduc dryness skin cold winter isnt child doesnt like bubbl softer skin recommend,1
537,good valu product thought would produc bubbl,1
538,work great love scentless use cap half make perfect amount bubbl,1
539,kid love bubbl bath make lot bubbl tear free wish came larger size go pretti quickli order two four pack keep around,1
540,month old love good bubbl bath perfect gentl skin,1
541,blast past child bubbl bath bring great joy still around love,0
542,nunca sent tan estafada con algo eso era espuma de baño e agua pura la peor compra que hice,0
543,良い,0
544,pareil quand jétai jeun,0
545,相当なスキルを持った商品ですモチベーション上がりました,0
546,love fact fragranc free doesnt dri skin,1
547,gift,1
548,time classic,1
549,mr bubbl realli help reduc dryness skin cold winter isnt child doesnt like bubbl softer skin recommend,1
550,good valu product thought would produc bubbl,1
551,work great love scentless use cap half make perfect amount bubbl,1
552,kid love bubbl bath make lot bubbl tear free wish came larger size go pretti quickli order two four pack keep around,1
553,month old love good bubbl bath perfect gentl skin,1
554,blast past child bubbl bath bring great joy still around love,0
555,nunca sent tan estafada con algo eso era espuma de baño e agua pura la peor compra que hice,0
556,良い,0
557,pareil quand jétai jeun,0
558,相当なスキルを持った商品ですモチベーション上がりました,0
559,love fact fragranc free doesnt dri skin,1
560,gift,1
561,time classic,1
562,mr bubbl realli help reduc dryness skin cold winter isnt child doesnt like bubbl softer skin recommend,1
563,good valu product thought would produc bubbl,1
564,work great love scentless use cap half make perfect amount bubbl,1
565,kid love bubbl bath make lot bubbl tear free wish came larger size go pretti quickli order two four pack keep around,1
566,month old love good bubbl bath perfect gentl skin,1
567,blast past child bubbl bath bring great joy still around love,0
568,nunca sent tan estafada con algo eso era espuma de baño e agua pura la peor compra que hice,0
569,良い,0
570,pareil quand jétai jeun,0
571,相当なスキルを持った商品ですモチベーション上がりました,0
572,love fact fragranc free doesnt dri skin,1
573,gift,1
574,time classic,1
575,mr bubbl realli help reduc dryness skin cold winter isnt child doesnt like bubbl softer skin recommend,1
576,good valu product thought would produc bubbl,1
577,work great love scentless use cap half make perfect amount bubbl,1
578,kid love bubbl bath make lot bubbl tear free wish came larger size go pretti quickli order two four pack keep around,1
579,month old love good bubbl bath perfect gentl skin,1
580,blast past child bubbl bath bring great joy still around love,0
581,nunca sent tan estafada con algo eso era espuma de baño e agua pura la peor compra que hice,0
582,良い,0
583,pareil quand jétai jeun,0
584,相当なスキルを持った商品ですモチベーション上がりました,0
585,love fact fragranc free doesnt dri skin,1
586,gift,1
587,time classic,1
588,mr bubbl realli help reduc dryness skin cold winter isnt child doesnt like bubbl softer skin recommend,1
589,good valu product thought would produc bubbl,1
590,work great love scentless use cap half make perfect amount bubbl,1
591,kid love bubbl bath make lot bubbl tear free wish came larger size go pretti quickli order two four pack keep around,1
592,month old love good bubbl bath perfect gentl skin,1
593,blast past child bubbl bath bring great joy still around love,0
594,nunca sent tan estafada con algo eso era espuma de baño e agua pura la peor compra que hice,0
595,良い,0
596,pareil quand jétai jeun,0
597,相当なスキルを持った商品ですモチベーション上がりました,0
598,love fact fragranc free doesnt dri skin,1
599,gift,1
600,time classic,1
601,mr bubbl realli help reduc dryness skin cold winter isnt child doesnt like bubbl softer skin recommend,1
602,good valu product thought would produc bubbl,1
603,work great love scentless use cap half make perfect amount bubbl,1
604,kid love bubbl bath make lot bubbl tear free wish came larger size go pretti quickli order two four pack keep around,1
605,month old love good bubbl bath perfect gentl skin,1
606,blast past child bubbl bath bring great joy still around love,0
607,nunca sent tan estafada con algo eso era espuma de baño e agua pura la peor compra que hice,0
608,良い,0
609,pareil quand jétai jeun,0
610,相当なスキルを持った商品ですモチベーション上がりました,0
611,love fact fragranc free doesnt dri skin,1
612,gift,1
613,time classic,1
614,mr bubbl realli help reduc dryness skin cold winter isnt child doesnt like bubbl softer skin recommend,1
615,good valu product thought would produc bubbl,1
616,work great love scentless use cap half make perfect amount bubbl,1
617,kid love bubbl bath make lot bubbl tear free wish came larger size go pretti quickli order two four pack keep around,1
618,month old love good bubbl bath perfect gentl skin,1
619,blast past child bubbl bath bring great joy still around love,0
620,nunca sent tan estafada con algo eso era espuma de baño e agua pura la peor compra que hice,0
621,良い,0
622,pareil quand jétai jeun,0
623,相当なスキルを持った商品ですモチベーション上がりました,0
624,love fact fragranc free doesnt dri skin,1
625,gift,1
626,time classic,1
627,mr bubbl realli help reduc dryness skin cold winter isnt child doesnt like bubbl softer skin recommend,1
628,good valu product thought would produc bubbl,1
629,work great love scentless use cap half make perfect amount bubbl,1
630,kid love bubbl bath make lot bubbl tear free wish came larger size go pretti quickli order two four pack keep around,1
631,month old love good bubbl bath perfect gentl skin,1
632,blast past child bubbl bath bring great joy still around love,0
633,nunca sent tan estafada con algo eso era espuma de baño e agua pura la peor compra que hice,0
634,良い,0
635,pareil quand jétai jeun,0
636,相当なスキルを持った商品ですモチベーション上がりました,0
637,love fact fragranc free doesnt dri skin,1
638,gift,1
639,time classic,1
640,mr bubbl realli help reduc dryness skin cold winter isnt child doesnt like bubbl softer skin recommend,1
641,good valu product thought would produc bubbl,1
642,work great love scentless use cap half make perfect amount bubbl,1
643,kid love bubbl bath make lot bubbl tear free wish came larger size go pretti quickli order two four pack keep around,1
644,month old love good bubbl bath perfect gentl skin,1
645,blast past child bubbl bath bring great joy still around love,0
646,nunca sent tan estafada con algo eso era espuma de baño e agua pura la peor compra que hice,0
647,良い,0
648,pareil quand jétai jeun,0
649,相当なスキルを持った商品ですモチベーション上がりました,0
650,love fact fragranc free doesnt dri skin,1
651,gift,1
652,time classic,1
653,mr bubbl realli help reduc dryness skin cold winter isnt child doesnt like bubbl softer skin recommend,1
654,good valu product thought would produc bubbl,1
655,work great love scentless use cap half make perfect amount bubbl,1
656,kid love bubbl bath make lot bubbl tear free wish came larger size go pretti quickli order two four pack keep around,1
657,month old love good bubbl bath perfect gentl skin,1
658,blast past child bubbl bath bring great joy still around love,0
659,nunca sent tan estafada con algo eso era espuma de baño e agua pura la peor compra que hice,0
660,良い,0
661,pareil quand jétai jeun,0
662,相当なスキルを持った商品ですモチベーション上がりました,0
663,love fact fragranc free doesnt dri skin,1
664,gift,1
665,time classic,1
666,mr bubbl realli help reduc dryness skin cold winter isnt child doesnt like bubbl softer skin recommend,1
667,good valu product thought would produc bubbl,1
668,work great love scentless use cap half make perfect amount bubbl,1
669,kid love bubbl bath make lot bubbl tear free wish came larger size go pretti quickli order two four pack keep around,1
670,month old love good bubbl bath perfect gentl skin,1
671,blast past child bubbl bath bring great joy still around love,0
672,nunca sent tan estafada con algo eso era espuma de baño e agua pura la peor compra que hice,0
673,良い,0
674,pareil quand jétai jeun,0
675,相当なスキルを持った商品ですモチベーション上がりました,0
676,love fact fragranc free doesnt dri skin,1
677,gift,1
678,time classic,1
679,mr bubbl realli help reduc dryness skin cold winter isnt child doesnt like bubbl softer skin recommend,1
680,good valu product thought would produc bubbl,1
681,work great love scentless use cap half make perfect amount bubbl,1
682,kid love bubbl bath make lot bubbl tear free wish came larger size go pretti quickli order two four pack keep around,1
683,month old love good bubbl bath perfect gentl skin,1
684,blast past child bubbl bath bring great joy still around love,0
685,nunca sent tan estafada con algo eso era espuma de baño e agua pura la peor compra que hice,0
686,良い,0
687,pareil quand jétai jeun,0
688,相当なスキルを持った商品ですモチベーション上がりました,0
689,love fact fragranc free doesnt dri skin,1
690,gift,1
691,time classic,1
692,mr bubbl realli help reduc dryness skin cold winter isnt child doesnt like bubbl softer skin recommend,1
693,good valu product thought would produc bubbl,1
694,work great love scentless use cap half make perfect amount bubbl,1
695,kid love bubbl bath make lot bubbl tear free wish came larger size go pretti quickli order two four pack keep around,1
696,month old love good bubbl bath perfect gentl skin,1
697,blast past child bubbl bath bring great joy still around love,0
698,nunca sent tan estafada con algo eso era espuma de baño e agua pura la peor compra que hice,0
699,良い,0
700,pareil quand jétai jeun,0
701,相当なスキルを持った商品ですモチベーション上がりました,0
702,love fact fragranc free doesnt dri skin,1
703,gift,1
704,time classic,1
705,mr bubbl realli help reduc dryness skin cold winter isnt child doesnt like bubbl softer skin recommend,1
706,good valu product thought would produc bubbl,1
707,work great love scentless use cap half make perfect amount bubbl,1
708,kid love bubbl bath make lot bubbl tear free wish came larger size go pretti quickli order two four pack keep around,1
709,month old love good bubbl bath perfect gentl skin,1
710,blast past child bubbl bath bring great joy still around love,0
711,nunca sent tan estafada con algo eso era espuma de baño e agua pura la peor compra que hice,0
712,良い,0
713,pareil quand jétai jeun,0
714,相当なスキルを持った商品ですモチベーション上がりました,0
715,love fact fragranc free doesnt dri skin,1
716,gift,1
717,time classic,1
718,mr bubbl realli help reduc dryness skin cold winter isnt child doesnt like bubbl softer skin recommend,1
719,good valu product thought would produc bubbl,1
720,work great love scentless use cap half make perfect amount bubbl,1
721,kid love bubbl bath make lot bubbl tear free wish came larger size go pretti quickli order two four pack keep around,1
722,month old love good bubbl bath perfect gentl skin,1
723,blast past child bubbl bath bring great joy still around love,0
724,nunca sent tan estafada con algo eso era espuma de baño e agua pura la peor compra que hice,0
725,良い,0
726,pareil quand jétai jeun,0
727,相当なスキルを持った商品ですモチベーション上がりました,0
728,love fact fragranc free doesnt dri skin,1
729,gift,1
730,time classic,1
731,mr bubbl realli help reduc dryness skin cold winter isnt child doesnt like bubbl softer skin recommend,1
732,good valu product thought would produc bubbl,1
733,work great love scentless use cap half make perfect amount bubbl,1
734,kid love bubbl bath make lot bubbl tear free wish came larger size go pretti quickli order two four pack keep around,1
735,month old love good bubbl bath perfect gentl skin,1
736,blast past child bubbl bath bring great joy still around love,0
737,nunca sent tan estafada con algo eso era espuma de baño e agua pura la peor compra que hice,0
738,良い,0
739,pareil quand jétai jeun,0
740,相当なスキルを持った商品ですモチベーション上がりました,0
741,love fact fragranc free doesnt dri skin,1
742,gift,1
743,time classic,1
744,mr bubbl realli help reduc dryness skin cold winter isnt child doesnt like bubbl softer skin recommend,1
745,good valu product thought would produc bubbl,1
746,work great love scentless use cap half make perfect amount bubbl,1
747,kid love bubbl bath make lot bubbl tear free wish came larger size go pretti quickli order two four pack keep around,1
748,month old love good bubbl bath perfect gentl skin,1
749,blast past child bubbl bath bring great joy still around love,0
750,nunca sent tan estafada con algo eso era espuma de baño e agua pura la peor compra que hice,0
751,良い,0
752,pareil quand jétai jeun,0
753,相当なスキルを持った商品ですモチベーション上がりました,0
754,love fact fragranc free doesnt dri skin,1
755,gift,1
756,time classic,1
757,mr bubbl realli help reduc dryness skin cold winter isnt child doesnt like bubbl softer skin recommend,1
758,good valu product thought would produc bubbl,1
759,work great love scentless use cap half make perfect amount bubbl,1
760,kid love bubbl bath make lot bubbl tear free wish came larger size go pretti quickli order two four pack keep around,1
761,month old love good bubbl bath perfect gentl skin,1
762,blast past child bubbl bath bring great joy still around love,0
763,nunca sent tan estafada con algo eso era espuma de baño e agua pura la peor compra que hice,0
764,良い,0
765,pareil quand jétai jeun,0
766,相当なスキルを持った商品ですモチベーション上がりました,0
767,love fact fragranc free doesnt dri skin,1
768,gift,1
769,time classic,1
770,mr bubbl realli help reduc dryness skin cold winter isnt child doesnt like bubbl softer skin recommend,1
771,good valu product thought would produc bubbl,1
772,work great love scentless use cap half make perfect amount bubbl,1
773,kid love bubbl bath make lot bubbl tear free wish came larger size go pretti quickli order two four pack keep around,1
774,month old love good bubbl bath perfect gentl skin,1
775,blast past child bubbl bath bring great joy still around love,0
776,nunca sent tan estafada con algo eso era espuma de baño e agua pura la peor compra que hice,0
777,良い,0
778,pareil quand jétai jeun,0
779,相当なスキルを持った商品ですモチベーション上がりました,0
780,love fact fragranc free doesnt dri skin,1
781,gift,1
782,time classic,1
783,mr bubbl realli help reduc dryness skin cold winter isnt child doesnt like bubbl softer skin recommend,1
784,good valu product thought would produc bubbl,1
785,work great love scentless use cap half make perfect amount bubbl,1
786,kid love bubbl bath make lot bubbl tear free wish came larger size go pretti quickli order two four pack keep around,1
787,month old love good bubbl bath perfect gentl skin,1
788,blast past child bubbl bath bring great joy still around love,0
789,nunca sent tan estafada con algo eso era espuma de baño e agua pura la peor compra que hice,0
790,良い,0
791,pareil quand jétai jeun,0
792,相当なスキルを持った商品ですモチベーション上がりました,0
793,love fact fragranc free doesnt dri skin,1
794,gift,1
795,time classic,1
796,mr bubbl realli help reduc dryness skin cold winter isnt child doesnt like bubbl softer skin recommend,1
797,good valu product thought would produc bubbl,1
798,work great love scentless use cap half make perfect amount bubbl,1
799,kid love bubbl bath make lot bubbl tear free wish came larger size go pretti quickli order two four pack keep around,1
800,month old love good bubbl bath perfect gentl skin,1
801,blast past child bubbl bath bring great joy still around love,0
802,nunca sent tan estafada con algo eso era espuma de baño e agua pura la peor compra que hice,0
803,良い,0
804,pareil quand jétai jeun,0
805,相当なスキルを持った商品ですモチベーション上がりました,0
806,love fact fragranc free doesnt dri skin,1
807,gift,1
808,time classic,1
809,mr bubbl realli help reduc dryness skin cold winter isnt child doesnt like bubbl softer skin recommend,1
810,good valu product thought would produc bubbl,1
811,work great love scentless use cap half make perfect amount bubbl,1
812,kid love bubbl bath make lot bubbl tear free wish came larger size go pretti quickli order two four pack keep around,1
813,month old love good bubbl bath perfect gentl skin,1
814,blast past child bubbl bath bring great joy still around love,0
815,nunca sent tan estafada con algo eso era espuma de baño e agua pura la peor compra que hice,0
816,良い,0
817,pareil quand jétai jeun,0
818,相当なスキルを持った商品ですモチベーション上がりました,0
819,love fact fragranc free doesnt dri skin,1
820,gift,1
821,time classic,1
822,mr bubbl realli help reduc dryness skin cold winter isnt child doesnt like bubbl softer skin recommend,1
823,good valu product thought would produc bubbl,1
824,work great love scentless use cap half make perfect amount bubbl,1
825,kid love bubbl bath make lot bubbl tear free wish came larger size go pretti quickli order two four pack keep around,1
826,month old love good bubbl bath perfect gentl skin,1
827,blast past child bubbl bath bring great joy still around love,0
828,nunca sent tan estafada con algo eso era espuma de baño e agua pura la peor compra que hice,0
829,良い,0
830,pareil quand jétai jeun,0
831,相当なスキルを持った商品ですモチベーション上がりました,0
832,love fact fragranc free doesnt dri skin,1
833,gift,1
834,time classic,1
835,mr bubbl realli help reduc dryness skin cold winter isnt child doesnt like bubbl softer skin recommend,1
836,good valu product thought would produc bubbl,1
837,work great love scentless use cap half make perfect amount bubbl,1
838,kid love bubbl bath make lot bubbl tear free wish came larger size go pretti quickli order two four pack keep around,1
839,month old love good bubbl bath perfect gentl skin,1
840,blast past child bubbl bath bring great joy still around love,0
841,nunca sent tan estafada con algo eso era espuma de baño e agua pura la peor compra que hice,0
842,良い,0
843,pareil quand jétai jeun,0
844,相当なスキルを持った商品ですモチベーション上がりました,0
845,love fact fragranc free doesnt dri skin,1
846,gift,1
847,time classic,1
848,mr bubbl realli help reduc dryness skin cold winter isnt child doesnt like bubbl softer skin recommend,1
849,good valu product thought would produc bubbl,1
850,work great love scentless use cap half make perfect amount bubbl,1
851,kid love bubbl bath make lot bubbl tear free wish came larger size go pretti quickli order two four pack keep around,1
852,month old love good bubbl bath perfect gentl skin,1
853,blast past child bubbl bath bring great joy still around love,0
854,nunca sent tan estafada con algo eso era espuma de baño e agua pura la peor compra que hice,0
855,良い,0
856,pareil quand jétai jeun,0
857,相当なスキルを持った商品ですモチベーション上がりました,0
858,love fact fragranc free doesnt dri skin,1
859,gift,1
860,time classic,1
861,mr bubbl realli help reduc dryness skin cold winter isnt child doesnt like bubbl softer skin recommend,1
862,good valu product thought would produc bubbl,1
863,work great love scentless use cap half make perfect amount bubbl,1
864,kid love bubbl bath make lot bubbl tear free wish came larger size go pretti quickli order two four pack keep around,1
865,month old love good bubbl bath perfect gentl skin,1
866,blast past child bubbl bath bring great joy still around love,0
867,nunca sent tan estafada con algo eso era espuma de baño e agua pura la peor compra que hice,0
868,良い,0
869,pareil quand jétai jeun,0
870,相当なスキルを持った商品ですモチベーション上がりました,0
871,love fact fragranc free doesnt dri skin,1
872,gift,1
873,time classic,1
874,mr bubbl realli help reduc dryness skin cold winter isnt child doesnt like bubbl softer skin recommend,1
875,good valu product thought would produc bubbl,1
876,work great love scentless use cap half make perfect amount bubbl,1
877,kid love bubbl bath make lot bubbl tear free wish came larger size go pretti quickli order two four pack keep around,1
878,month old love good bubbl bath perfect gentl skin,1
879,blast past child bubbl bath bring great joy still around love,0
880,nunca sent tan estafada con algo eso era espuma de baño e agua pura la peor compra que hice,0
881,良い,0
882,pareil quand jétai jeun,0
883,相当なスキルを持った商品ですモチベーション上がりました,0
884,love fact fragranc free doesnt dri skin,1
885,gift,1
886,time classic,1
887,mr bubbl realli help reduc dryness skin cold winter isnt child doesnt like bubbl softer skin recommend,1
888,good valu product thought would produc bubbl,1
889,work great love scentless use cap half make perfect amount bubbl,1
890,kid love bubbl bath make lot bubbl tear free wish came larger size go pretti quickli order two four pack keep around,1
891,month old love good bubbl bath perfect gentl skin,1
892,blast past child bubbl bath bring great joy still around love,0
893,nunca sent tan estafada con algo eso era espuma de baño e agua pura la peor compra que hice,0
894,良い,0
895,pareil quand jétai jeun,0
896,相当なスキルを持った商品ですモチベーション上がりました,0
897,love fact fragranc free doesnt dri skin,1
898,gift,1
899,time classic,1
900,mr bubbl realli help reduc dryness skin cold winter isnt child doesnt like bubbl softer skin recommend,1
901,good valu product thought would produc bubbl,1
902,work great love scentless use cap half make perfect amount bubbl,1
903,kid love bubbl bath make lot bubbl tear free wish came larger size go pretti quickli order two four pack keep around,1
904,month old love good bubbl bath perfect gentl skin,1
905,blast past child bubbl bath bring great joy still around love,0
906,nunca sent tan estafada con algo eso era espuma de baño e agua pura la peor compra que hice,0
907,良い,0
908,pareil quand jétai jeun,0
909,相当なスキルを持った商品ですモチベーション上がりました,0
910,love fact fragranc free doesnt dri skin,1
911,gift,1
912,time classic,1
913,mr bubbl realli help reduc dryness skin cold winter isnt child doesnt like bubbl softer skin recommend,1
914,good valu product thought would produc bubbl,1
915,work great love scentless use cap half make perfect amount bubbl,1
916,kid love bubbl bath make lot bubbl tear free wish came larger size go pretti quickli order two four pack keep around,1
917,month old love good bubbl bath perfect gentl skin,1
918,blast past child bubbl bath bring great joy still around love,0
919,nunca sent tan estafada con algo eso era espuma de baño e agua pura la peor compra que hice,0
920,良い,0
921,pareil quand jétai jeun,0
922,相当なスキルを持った商品ですモチベーション上がりました,0
923,love fact fragranc free doesnt dri skin,1
924,gift,1
925,time classic,1
926,mr bubbl realli help reduc dryness skin cold winter isnt child doesnt like bubbl softer skin recommend,1
927,good valu product thought would produc bubbl,1
928,work great love scentless use cap half make perfect amount bubbl,1
929,kid love bubbl bath make lot bubbl tear free wish came larger size go pretti quickli order two four pack keep around,1
930,month old love good bubbl bath perfect gentl skin,1
931,blast past child bubbl bath bring great joy still around love,0
932,nunca sent tan estafada con algo eso era espuma de baño e agua pura la peor compra que hice,0
933,良い,0
934,pareil quand jétai jeun,0
935,相当なスキルを持った商品ですモチベーション上がりました,0
936,love fact fragranc free doesnt dri skin,1
937,gift,1
938,time classic,1
939,mr bubbl realli help reduc dryness skin cold winter isnt child doesnt like bubbl softer skin recommend,1
940,good valu product thought would produc bubbl,1
941,work great love scentless use cap half make perfect amount bubbl,1
942,kid love bubbl bath make lot bubbl tear free wish came larger size go pretti quickli order two four pack keep around,1
943,month old love good bubbl bath perfect gentl skin,1
944,blast past child bubbl bath bring great joy still around love,0
945,nunca sent tan estafada con algo eso era espuma de baño e agua pura la peor compra que hice,0
946,良い,0
947,pareil quand jétai jeun,0
948,相当なスキルを持った商品ですモチベーション上がりました,0
949,love fact fragranc free doesnt dri skin,1
950,gift,1
951,time classic,1
952,mr bubbl realli help reduc dryness skin cold winter isnt child doesnt like bubbl softer skin recommend,1
953,good valu product thought would produc bubbl,1
954,work great love scentless use cap half make perfect amount bubbl,1
955,kid love bubbl bath make lot bubbl tear free wish came larger size go pretti quickli order two four pack keep around,1
956,month old love good bubbl bath perfect gentl skin,1
957,blast past child bubbl bath bring great joy still around love,0
958,nunca sent tan estafada con algo eso era espuma de baño e agua pura la peor compra que hice,0
959,良い,0
960,pareil quand jétai jeun,0
961,相当なスキルを持った商品ですモチベーション上がりました,0
962,love fact fragranc free doesnt dri skin,1
963,gift,1
964,time classic,1
965,mr bubbl realli help reduc dryness skin cold winter isnt child doesnt like bubbl softer skin recommend,1
966,good valu product thought would produc bubbl,1
967,work great love scentless use cap half make perfect amount bubbl,1
968,kid love bubbl bath make lot bubbl tear free wish came larger size go pretti quickli order two four pack keep around,1
969,month old love good bubbl bath perfect gentl skin,1
970,blast past child bubbl bath bring great joy still around love,0
971,nunca sent tan estafada con algo eso era espuma de baño e agua pura la peor compra que hice,0
972,良い,0
973,pareil quand jétai jeun,0
974,相当なスキルを持った商品ですモチベーション上がりました,0
975,love fact fragranc free doesnt dri skin,1
976,gift,1
977,time classic,1
978,mr bubbl realli help reduc dryness skin cold winter isnt child doesnt like bubbl softer skin recommend,1
979,good valu product thought would produc bubbl,1
980,work great love scentless use cap half make perfect amount bubbl,1
981,kid love bubbl bath make lot bubbl tear free wish came larger size go pretti quickli order two four pack keep around,1
982,month old love good bubbl bath perfect gentl skin,1
983,blast past child bubbl bath bring great joy still around love,0
984,nunca sent tan estafada con algo eso era espuma de baño e agua pura la peor compra que hice,0
985,良い,0
986,pareil quand jétai jeun,0
987,相当なスキルを持った商品ですモチベーション上がりました,0
988,love fact fragranc free doesnt dri skin,1
989,gift,1
990,time classic,1
991,mr bubbl realli help reduc dryness skin cold winter isnt child doesnt like bubbl softer skin recommend,1
992,good valu product thought would produc bubbl,1
993,work great love scentless use cap half make perfect amount bubbl,1
994,kid love bubbl bath make lot bubbl tear free wish came larger size go pretti quickli order two four pack keep around,1
995,month old love good bubbl bath perfect gentl skin,1
996,blast past child bubbl bath bring great joy still around love,0
997,nunca sent tan estafada con algo eso era espuma de baño e agua pura la peor compra que hice,0
998,良い,0
999,pareil quand jétai jeun,0
1000,相当なスキルを持った商品ですモチベーション上がりました,0
1001,love fact fragranc free doesnt dri skin,1
1002,gift,1
1003,time classic,1
1004,mr bubbl realli help reduc dryness skin cold winter isnt child doesnt like bubbl softer skin recommend,1
1005,good valu product thought would produc bubbl,1
1006,work great love scentless use cap half make perfect amount bubbl,1
1007,kid love bubbl bath make lot bubbl tear free wish came larger size go pretti quickli order two four pack keep around,1
1008,month old love good bubbl bath perfect gentl skin,1
1009,blast past child bubbl bath bring great joy still around love,0
1010,nunca sent tan estafada con algo eso era espuma de baño e agua pura la peor compra que hice,0
1011,良い,0
1012,pareil quand jétai jeun,0
1013,相当なスキルを持った商品ですモチベーション上がりました,0
1014,love fact fragranc free doesnt dri skin,1
1015,gift,1
1016,time classic,1
1017,mr bubbl realli help reduc dryness skin cold winter isnt child doesnt like bubbl softer skin recommend,1
1018,good valu product thought would produc bubbl,1
1019,work great love scentless use cap half make perfect amount bubbl,1
1020,kid love bubbl bath make lot bubbl tear free wish came larger size go pretti quickli order two four pack keep around,1
1021,month old love good bubbl bath perfect gentl skin,1
1022,blast past child bubbl bath bring great joy still around love,0
1023,nunca sent tan estafada con algo eso era espuma de baño e agua pura la peor compra que hice,0
1024,良い,0
1025,pareil quand jétai jeun,0
1026,相当なスキルを持った商品ですモチベーション上がりました,0
1027,love fact fragranc free doesnt dri skin,1
1028,gift,1
1029,time classic,1
1030,mr bubbl realli help reduc dryness skin cold winter isnt child doesnt like bubbl softer skin recommend,1
1031,good valu product thought would produc bubbl,1
1032,work great love scentless use cap half make perfect amount bubbl,1
1033,kid love bubbl bath make lot bubbl tear free wish came larger size go pretti quickli order two four pack keep around,1
1034,month old love good bubbl bath perfect gentl skin,1
1035,blast past child bubbl bath bring great joy still around love,0
1036,nunca sent tan estafada con algo eso era espuma de baño e agua pura la peor compra que hice,0
1037,良い,0
1038,pareil quand jétai jeun,0
1039,相当なスキルを持った商品ですモチベーション上がりました,0
1040,love fact fragranc free doesnt dri skin,1
1041,gift,1
1042,time classic,1
1043,mr bubbl realli help reduc dryness skin cold winter isnt child doesnt like bubbl softer skin recommend,1
1044,good valu product thought would produc bubbl,1
1045,work great love scentless use cap half make perfect amount bubbl,1
1046,kid love bubbl bath make lot bubbl tear free wish came larger size go pretti quickli order two four pack keep around,1
1047,month old love good bubbl bath perfect gentl skin,1
1048,blast past child bubbl bath bring great joy still around love,0
1049,nunca sent tan estafada con algo eso era espuma de baño e agua pura la peor compra que hice,0
1050,良い,0
1051,pareil quand jétai jeun,0
1052,相当なスキルを持った商品ですモチベーション上がりました,0
1053,love fact fragranc free doesnt dri skin,1
1054,gift,1
1055,time classic,1
1056,mr bubbl realli help reduc dryness skin cold winter isnt child doesnt like bubbl softer skin recommend,1
1057,good valu product thought would produc bubbl,1
1058,work great love scentless use cap half make perfect amount bubbl,1
1059,kid love bubbl bath make lot bubbl tear free wish came larger size go pretti quickli order two four pack keep around,1
1060,month old love good bubbl bath perfect gentl skin,1
1061,blast past child bubbl bath bring great joy still around love,0
1062,nunca sent tan estafada con algo eso era espuma de baño e agua pura la peor compra que hice,0
1063,良い,0
1064,pareil quand jétai jeun,0
1065,相当なスキルを持った商品ですモチベーション上がりました,0
1066,love fact fragranc free doesnt dri skin,1
1067,gift,1
1068,time classic,1
1069,mr bubbl realli help reduc dryness skin cold winter isnt child doesnt like bubbl softer skin recommend,1
1070,good valu product thought would produc bubbl,1
1071,work great love scentless use cap half make perfect amount bubbl,1
1072,kid love bubbl bath make lot bubbl tear free wish came larger size go pretti quickli order two four pack keep around,1
1073,month old love good bubbl bath perfect gentl skin,1
1074,blast past child bubbl bath bring great joy still around love,0
1075,nunca sent tan estafada con algo eso era espuma de baño e agua pura la peor compra que hice,0
1076,良い,0
1077,pareil quand jétai jeun,0
1078,相当なスキルを持った商品ですモチベーション上がりました,0
1079,love fact fragranc free doesnt dri skin,1
1080,gift,1
1081,time classic,1
1082,mr bubbl realli help reduc dryness skin cold winter isnt child doesnt like bubbl softer skin recommend,1
1083,good valu product thought would produc bubbl,1
1084,work great love scentless use cap half make perfect amount bubbl,1
1085,kid love bubbl bath make lot bubbl tear free wish came larger size go pretti quickli order two four pack keep around,1
1086,month old love good bubbl bath perfect gentl skin,1
1087,blast past child bubbl bath bring great joy still around love,0
1088,nunca sent tan estafada con algo eso era espuma de baño e agua pura la peor compra que hice,0
1089,良い,0
1090,pareil quand jétai jeun,0
1091,相当なスキルを持った商品ですモチベーション上がりました,0
1092,love fact fragranc free doesnt dri skin,1
1093,gift,1
1094,time classic,1
1095,mr bubbl realli help reduc dryness skin cold winter isnt child doesnt like bubbl softer skin recommend,1
1096,good valu product thought would produc bubbl,1
1097,work great love scentless use cap half make perfect amount bubbl,1
1098,kid love bubbl bath make lot bubbl tear free wish came larger size go pretti quickli order two four pack keep around,1
1099,month old love good bubbl bath perfect gentl skin,1
1100,blast past child bubbl bath bring great joy still around love,0
1101,nunca sent tan estafada con algo eso era espuma de baño e agua pura la peor compra que hice,0
1102,良い,0
1103,pareil quand jétai jeun,0
1104,相当なスキルを持った商品ですモチベーション上がりました,0
1105,love fact fragranc free doesnt dri skin,1
1106,gift,1
1107,time classic,1
1108,mr bubbl realli help reduc dryness skin cold winter isnt child doesnt like bubbl softer skin recommend,1
1109,good valu product thought would produc bubbl,1
1110,work great love scentless use cap half make perfect amount bubbl,1
1111,kid love bubbl bath make lot bubbl tear free wish came larger size go pretti quickli order two four pack keep around,1
1112,month old love good bubbl bath perfect gentl skin,1
1113,blast past child bubbl bath bring great joy still around love,0
1114,nunca sent tan estafada con algo eso era espuma de baño e agua pura la peor compra que hice,0
1115,良い,0
1116,pareil quand jétai jeun,0
1117,相当なスキルを持った商品ですモチベーション上がりました,0
1118,love fact fragranc free doesnt dri skin,1
1119,gift,1
1120,time classic,1
1121,mr bubbl realli help reduc dryness skin cold winter isnt child doesnt like bubbl softer skin recommend,1
1122,good valu product thought would produc bubbl,1
1123,work great love scentless use cap half make perfect amount bubbl,1
1124,kid love bubbl bath make lot bubbl tear free wish came larger size go pretti quickli order two four pack keep around,1
1125,month old love good bubbl bath perfect gentl skin,1
1126,blast past child bubbl bath bring great joy still around love,0
1127,nunca sent tan estafada con algo eso era espuma de baño e agua pura la peor compra que hice,0
1128,良い,0
1129,pareil quand jétai jeun,0
1130,相当なスキルを持った商品ですモチベーション上がりました,0
1131,love fact fragranc free doesnt dri skin,1
1132,gift,1
1133,time classic,1
1134,mr bubbl realli help reduc dryness skin cold winter isnt child doesnt like bubbl softer skin recommend,1
1135,good valu product thought would produc bubbl,1
1136,work great love scentless use cap half make perfect amount bubbl,1
1137,kid love bubbl bath make lot bubbl tear free wish came larger size go pretti quickli order two four pack keep around,1
1138,month old love good bubbl bath perfect gentl skin,1
1139,blast past child bubbl bath bring great joy still around love,0
1140,nunca sent tan estafada con algo eso era espuma de baño e agua pura la peor compra que hice,0
1141,良い,0
1142,pareil quand jétai jeun,0
1143,相当なスキルを持った商品ですモチベーション上がりました,0
1144,love fact fragranc free doesnt dri skin,1
1145,gift,1
1146,time classic,1
1147,mr bubbl realli help reduc dryness skin cold winter isnt child doesnt like bubbl softer skin recommend,1
1148,good valu product thought would produc bubbl,1
1149,work great love scentless use cap half make perfect amount bubbl,1
1150,kid love bubbl bath make lot bubbl tear free wish came larger size go pretti quickli order two four pack keep around,1
1151,month old love good bubbl bath perfect gentl skin,1
1152,blast past child bubbl bath bring great joy still around love,0
1153,nunca sent tan estafada con algo eso era espuma de baño e agua pura la peor compra que hice,0
1154,良い,0
1155,pareil quand jétai jeun,0
1156,相当なスキルを持った商品ですモチベーション上がりました,0
1157,love fact fragranc free doesnt dri skin,1
1158,gift,1
1159,time classic,1
1160,mr bubbl realli help reduc dryness skin cold winter isnt child doesnt like bubbl softer skin recommend,1
1161,good valu product thought would produc bubbl,1
1162,work great love scentless use cap half make perfect amount bubbl,1
1163,kid love bubbl bath make lot bubbl tear free wish came larger size go pretti quickli order two four pack keep around,1
1164,month old love good bubbl bath perfect gentl skin,1
1165,blast past child bubbl bath bring great joy still around love,0
1166,nunca sent tan estafada con algo eso era espuma de baño e agua pura la peor compra que hice,0
1167,良い,0
1168,pareil quand jétai jeun,0
1169,相当なスキルを持った商品ですモチベーション上がりました,0
1170,love fact fragranc free doesnt dri skin,1
1171,gift,1
1172,time classic,1
1173,mr bubbl realli help reduc dryness skin cold winter isnt child doesnt like bubbl softer skin recommend,1
1174,good valu product thought would produc bubbl,1
1175,work great love scentless use cap half make perfect amount bubbl,1
1176,kid love bubbl bath make lot bubbl tear free wish came larger size go pretti quickli order two four pack keep around,1
1177,month old love good bubbl bath perfect gentl skin,1
1178,blast past child bubbl bath bring great joy still around love,0
1179,nunca sent tan estafada con algo eso era espuma de baño e agua pura la peor compra que hice,0
1180,良い,0
1181,pareil quand jétai jeun,0
1182,相当なスキルを持った商品ですモチベーション上がりました,0
1183,love fact fragranc free doesnt dri skin,1
1184,gift,1
1185,time classic,1
1186,mr bubbl realli help reduc dryness skin cold winter isnt child doesnt like bubbl softer skin recommend,1
1187,good valu product thought would produc bubbl,1
1188,work great love scentless use cap half make perfect amount bubbl,1
1189,kid love bubbl bath make lot bubbl tear free wish came larger size go pretti quickli order two four pack keep around,1
1190,month old love good bubbl bath perfect gentl skin,1
1191,blast past child bubbl bath bring great joy still around love,0
1192,nunca sent tan estafada con algo eso era espuma de baño e agua pura la peor compra que hice,0
1193,良い,0
1194,pareil quand jétai jeun,0
1195,相当なスキルを持った商品ですモチベーション上がりました,0
1196,love fact fragranc free doesnt dri skin,1
1197,gift,1
1198,time classic,1
1199,mr bubbl realli help reduc dryness skin cold winter isnt child doesnt like bubbl softer skin recommend,1
1200,good valu product thought would produc bubbl,1
1201,work great love scentless use cap half make perfect amount bubbl,1
1202,kid love bubbl bath make lot bubbl tear free wish came larger size go pretti quickli order two four pack keep around,1
1203,month old love good bubbl bath perfect gentl skin,1
1204,blast past child bubbl bath bring great joy still around love,0
1205,nunca sent tan estafada con algo eso era espuma de baño e agua pura la peor compra que hice,0
1206,良い,0
1207,pareil quand jétai jeun,0
1208,相当なスキルを持った商品ですモチベーション上がりました,0
1209,love fact fragranc free doesnt dri skin,1
1210,gift,1
1211,time classic,1
1212,mr bubbl realli help reduc dryness skin cold winter isnt child doesnt like bubbl softer skin recommend,1
1213,good valu product thought would produc bubbl,1
1214,work great love scentless use cap half make perfect amount bubbl,1
1215,kid love bubbl bath make lot bubbl tear free wish came larger size go pretti quickli order two four pack keep around,1
1216,month old love good bubbl bath perfect gentl skin,1
1217,blast past child bubbl bath bring great joy still around love,0
1218,nunca sent tan estafada con algo eso era espuma de baño e agua pura la peor compra que hice,0
1219,良い,0
1220,pareil quand jétai jeun,0
1221,相当なスキルを持った商品ですモチベーション上がりました,0
1222,love fact fragranc free doesnt dri skin,1
1223,gift,1
1224,time classic,1
1225,mr bubbl realli help reduc dryness skin cold winter isnt child doesnt like bubbl softer skin recommend,1
1226,good valu product thought would produc bubbl,1
1227,work great love scentless use cap half make perfect amount bubbl,1
1228,kid love bubbl bath make lot bubbl tear free wish came larger size go pretti quickli order two four pack keep around,1
1229,month old love good bubbl bath perfect gentl skin,1
1230,blast past child bubbl bath bring great joy still around love,0
1231,nunca sent tan estafada con algo eso era espuma de baño e agua pura la peor compra que hice,0
1232,良い,0
1233,pareil quand jétai jeun,0
1234,相当なスキルを持った商品ですモチベーション上がりました,0
1235,love fact fragranc free doesnt dri skin,1
1236,gift,1
1237,time classic,1
1238,mr bubbl realli help reduc dryness skin cold winter isnt child doesnt like bubbl softer skin recommend,1
1239,good valu product thought would produc bubbl,1
1240,work great love scentless use cap half make perfect amount bubbl,1
1241,kid love bubbl bath make lot bubbl tear free wish came larger size go pretti quickli order two four pack keep around,1
1242,month old love good bubbl bath perfect gentl skin,1
1243,blast past child bubbl bath bring great joy still around love,0
1244,nunca sent tan estafada con algo eso era espuma de baño e agua pura la peor compra que hice,0
1245,良い,0
1246,pareil quand jétai jeun,0
1247,相当なスキルを持った商品ですモチベーション上がりました,0
1248,love fact fragranc free doesnt dri skin,1
1249,gift,1
1250,time classic,1
1251,mr bubbl realli help reduc dryness skin cold winter isnt child doesnt like bubbl softer skin recommend,1
1252,good valu product thought would produc bubbl,1
1253,work great love scentless use cap half make perfect amount bubbl,1
1254,kid love bubbl bath make lot bubbl tear free wish came larger size go pretti quickli order two four pack keep around,1
1255,month old love good bubbl bath perfect gentl skin,1
1256,blast past child bubbl bath bring great joy still around love,0
1257,nunca sent tan estafada con algo eso era espuma de baño e agua pura la peor compra que hice,0
1258,良い,0
1259,pareil quand jétai jeun,0
1260,相当なスキルを持った商品ですモチベーション上がりました,0
1261,love fact fragranc free doesnt dri skin,1
1262,gift,1
1263,time classic,1
1264,mr bubbl realli help reduc dryness skin cold winter isnt child doesnt like bubbl softer skin recommend,1
1265,good valu product thought would produc bubbl,1
1266,work great love scentless use cap half make perfect amount bubbl,1
1267,kid love bubbl bath make lot bubbl tear free wish came larger size go pretti quickli order two four pack keep around,1
1268,month old love good bubbl bath perfect gentl skin,1
1269,blast past child bubbl bath bring great joy still around love,0
1270,nunca sent tan estafada con algo eso era espuma de baño e agua pura la peor compra que hice,0
1271,良い,0
1272,pareil quand jétai jeun,0
1273,相当なスキルを持った商品ですモチベーション上がりました,0
1274,love fact fragranc free doesnt dri skin,1
1275,gift,1
1276,time classic,1
1277,mr bubbl realli help reduc dryness skin cold winter isnt child doesnt like bubbl softer skin recommend,1
1278,good valu product thought would produc bubbl,1
1279,work great love scentless use cap half make perfect amount bubbl,1
1280,kid love bubbl bath make lot bubbl tear free wish came larger size go pretti quickli order two four pack keep around,1
1281,month old love good bubbl bath perfect gentl skin,1
1282,blast past child bubbl bath bring great joy still around love,0
1283,nunca sent tan estafada con algo eso era espuma de baño e agua pura la peor compra que hice,0
1284,良い,0
1285,pareil quand jétai jeun,0
1286,相当なスキルを持った商品ですモチベーション上がりました,0
1287,love fact fragranc free doesnt dri skin,1
1288,gift,1
1289,time classic,1
1290,mr bubbl realli help reduc dryness skin cold winter isnt child doesnt like bubbl softer skin recommend,1
1291,good valu product thought would produc bubbl,1
1292,work great love scentless use cap half make perfect amount bubbl,1
1293,kid love bubbl bath make lot bubbl tear free wish came larger size go pretti quickli order two four pack keep around,1
1294,month old love good bubbl bath perfect gentl skin,1
1295,blast past child bubbl bath bring great joy still around love,0
1296,nunca sent tan estafada con algo eso era espuma de baño e agua pura la peor compra que hice,0
1297,良い,0
1298,pareil quand jétai jeun,0
1299,相当なスキルを持った商品ですモチベーション上がりました,0
