Document_ID,cleaned_text,Setiment
1,mr bubbl realli help reduc dryness skin cold winter isnt child doesnt like bubbl softer skin recommend read,1
2,work great love scentless use cap half make perfect amount bubbl read,1
3,kid love bubbl bath make lot bubbl tear free wish came larger size go pretti quickli order two four pack keep around read,1
4,month old love good bubbl bath perfect gentl skin read,1
5,good valu product thought would produc bubbl read,1
6,bath time toddler alway goe smoother bubbl definit get job done read,1
7,perfect kiddo bubbl bath recommend issu read,1
8,lo recomiendo read,1
9,blast past child bubbl bath bring great joy still around love read,1
10,nunca sent tan estafada con algo eso era espuma de baño e agua pura la peor compra que hice read,0
11,良い read,0
12,pareil quand jétai jeun read,0
13,相当なスキルを持った商品ですモチベーション上がりました read,0
14,mr bubbl realli help reduc dryness skin cold winter isnt child doesnt like bubbl softer skin recommend read,1
15,work great love scentless use cap half make perfect amount bubbl read,
16,kid love bubbl bath make lot bubbl tear free wish came larger size go pretti quickli order two four pack keep around read,1
17,month old love good bubbl bath perfect gentl skin read,
18,good valu product thought would produc bubbl read,1
19,bath time toddler alway goe smoother bubbl definit get job done read,1
20,perfect kiddo bubbl bath recommend issu read,1
21,lo recomiendo read,
22,blast past child bubbl bath bring great joy still around love read,1
23,nunca sent tan estafada con algo eso era espuma de baño e agua pura la peor compra que hice read,0
24,良い read,0
25,pareil quand jétai jeun read,0
26,相当なスキルを持った商品ですモチベーション上がりました read,0
27,mr bubbl realli help reduc dryness skin cold winter isnt child doesnt like bubbl softer skin recommend read,1
28,work great love scentless use cap half make perfect amount bubbl read,
29,kid love bubbl bath make lot bubbl tear free wish came larger size go pretti quickli order two four pack keep around read,1
30,month old love good bubbl bath perfect gentl skin read,1
31,good valu product thought would produc bubbl read,1
32,bath time toddler alway goe smoother bubbl definit get job done read,1
33,perfect kiddo bubbl bath recommend issu read,1
34,lo recomiendo read,0
35,blast past child bubbl bath bring great joy still around love read,1
36,nunca sent tan estafada con algo eso era espuma de baño e agua pura la peor compra que hice read,0
37,良い read,0
38,pareil quand jétai jeun read,0
39,相当なスキルを持った商品ですモチベーション上がりました read,0
40,mr bubbl realli help reduc dryness skin cold winter isnt child doesnt like bubbl softer skin recommend read,1
41,work great love scentless use cap half make perfect amount bubbl read,1
42,kid love bubbl bath make lot bubbl tear free wish came larger size go pretti quickli order two four pack keep around read,1
43,month old love good bubbl bath perfect gentl skin read,1
44,good valu product thought would produc bubbl read,1
45,bath time toddler alway goe smoother bubbl definit get job done read,1
46,perfect kiddo bubbl bath recommend issu read,1
47,lo recomiendo read,0
48,blast past child bubbl bath bring great joy still around love read,1
49,nunca sent tan estafada con algo eso era espuma de baño e agua pura la peor compra que hice read,0
50,良い read,0
51,pareil quand jétai jeun read,0
52,相当なスキルを持った商品ですモチベーション上がりました read,0
53,mr bubbl realli help reduc dryness skin cold winter isnt child doesnt like bubbl softer skin recommend read,1
54,work great love scentless use cap half make perfect amount bubbl read,1
55,kid love bubbl bath make lot bubbl tear free wish came larger size go pretti quickli order two four pack keep around read,1
56,month old love good bubbl bath perfect gentl skin read,1
57,good valu product thought would produc bubbl read,1
58,bath time toddler alway goe smoother bubbl definit get job done read,1
59,perfect kiddo bubbl bath recommend issu read,1
60,lo recomiendo read,0
61,blast past child bubbl bath bring great joy still around love read,1
62,nunca sent tan estafada con algo eso era espuma de baño e agua pura la peor compra que hice read,0
63,良い read,0
64,pareil quand jétai jeun read,0
65,相当なスキルを持った商品ですモチベーション上がりました read,0
66,mr bubbl realli help reduc dryness skin cold winter isnt child doesnt like bubbl softer skin recommend read,1
67,work great love scentless use cap half make perfect amount bubbl read,1
68,kid love bubbl bath make lot bubbl tear free wish came larger size go pretti quickli order two four pack keep around read,1
69,month old love good bubbl bath perfect gentl skin read,1
70,good valu product thought would produc bubbl read,1
71,bath time toddler alway goe smoother bubbl definit get job done read,1
72,perfect kiddo bubbl bath recommend issu read,1
73,lo recomiendo read,0
74,blast past child bubbl bath bring great joy still around love read,1
75,nunca sent tan estafada con algo eso era espuma de baño e agua pura la peor compra que hice read,0
76,良い read,0
77,pareil quand jétai jeun read,0
78,相当なスキルを持った商品ですモチベーション上がりました read,0
79,mr bubbl realli help reduc dryness skin cold winter isnt child doesnt like bubbl softer skin recommend read,1
80,work great love scentless use cap half make perfect amount bubbl read,1
81,kid love bubbl bath make lot bubbl tear free wish came larger size go pretti quickli order two four pack keep around read,1
82,month old love good bubbl bath perfect gentl skin read,1
83,good valu product thought would produc bubbl read,1
84,bath time toddler alway goe smoother bubbl definit get job done read,1
85,perfect kiddo bubbl bath recommend issu read,1
86,lo recomiendo read,0
87,blast past child bubbl bath bring great joy still around love read,1
88,nunca sent tan estafada con algo eso era espuma de baño e agua pura la peor compra que hice read,0
89,良い read,0
90,pareil quand jétai jeun read,0
91,相当なスキルを持った商品ですモチベーション上がりました read,0
92,mr bubbl realli help reduc dryness skin cold winter isnt child doesnt like bubbl softer skin recommend read,1
93,work great love scentless use cap half make perfect amount bubbl read,1
94,kid love bubbl bath make lot bubbl tear free wish came larger size go pretti quickli order two four pack keep around read,1
95,month old love good bubbl bath perfect gentl skin read,1
96,good valu product thought would produc bubbl read,1
97,bath time toddler alway goe smoother bubbl definit get job done read,1
98,perfect kiddo bubbl bath recommend issu read,1
99,lo recomiendo read,0
100,blast past child bubbl bath bring great joy still around love read,1
101,nunca sent tan estafada con algo eso era espuma de baño e agua pura la peor compra que hice read,0
102,良い read,0
103,pareil quand jétai jeun read,0
104,相当なスキルを持った商品ですモチベーション上がりました read,0
105,mr bubbl realli help reduc dryness skin cold winter isnt child doesnt like bubbl softer skin recommend read,1
106,work great love scentless use cap half make perfect amount bubbl read,1
107,kid love bubbl bath make lot bubbl tear free wish came larger size go pretti quickli order two four pack keep around read,1
108,month old love good bubbl bath perfect gentl skin read,1
109,good valu product thought would produc bubbl read,1
110,bath time toddler alway goe smoother bubbl definit get job done read,1
111,perfect kiddo bubbl bath recommend issu read,1
112,lo recomiendo read,0
113,blast past child bubbl bath bring great joy still around love read,1
114,nunca sent tan estafada con algo eso era espuma de baño e agua pura la peor compra que hice read,0
115,良い read,0
116,pareil quand jétai jeun read,0
117,相当なスキルを持った商品ですモチベーション上がりました read,0
118,mr bubbl realli help reduc dryness skin cold winter isnt child doesnt like bubbl softer skin recommend read,1
119,work great love scentless use cap half make perfect amount bubbl read,1
120,kid love bubbl bath make lot bubbl tear free wish came larger size go pretti quickli order two four pack keep around read,1
121,month old love good bubbl bath perfect gentl skin read,1
122,good valu product thought would produc bubbl read,1
123,bath time toddler alway goe smoother bubbl definit get job done read,1
124,perfect kiddo bubbl bath recommend issu read,1
125,lo recomiendo read,0
126,blast past child bubbl bath bring great joy still around love read,1
127,nunca sent tan estafada con algo eso era espuma de baño e agua pura la peor compra que hice read,0
128,良い read,0
129,pareil quand jétai jeun read,0
130,相当なスキルを持った商品ですモチベーション上がりました read,0
131,mr bubbl realli help reduc dryness skin cold winter isnt child doesnt like bubbl softer skin recommend read,1
132,work great love scentless use cap half make perfect amount bubbl read,1
133,kid love bubbl bath make lot bubbl tear free wish came larger size go pretti quickli order two four pack keep around read,1
134,month old love good bubbl bath perfect gentl skin read,1
135,good valu product thought would produc bubbl read,1
136,bath time toddler alway goe smoother bubbl definit get job done read,1
137,perfect kiddo bubbl bath recommend issu read,1
138,lo recomiendo read,0
139,blast past child bubbl bath bring great joy still around love read,1
140,nunca sent tan estafada con algo eso era espuma de baño e agua pura la peor compra que hice read,0
141,良い read,0
142,pareil quand jétai jeun read,0
143,相当なスキルを持った商品ですモチベーション上がりました read,0
144,mr bubbl realli help reduc dryness skin cold winter isnt child doesnt like bubbl softer skin recommend read,1
145,work great love scentless use cap half make perfect amount bubbl read,1
146,kid love bubbl bath make lot bubbl tear free wish came larger size go pretti quickli order two four pack keep around read,1
147,month old love good bubbl bath perfect gentl skin read,1
148,good valu product thought would produc bubbl read,1
149,bath time toddler alway goe smoother bubbl definit get job done read,1
150,perfect kiddo bubbl bath recommend issu read,1
151,lo recomiendo read,0
152,blast past child bubbl bath bring great joy still around love read,1
153,nunca sent tan estafada con algo eso era espuma de baño e agua pura la peor compra que hice read,0
154,良い read,0
155,pareil quand jétai jeun read,0
156,相当なスキルを持った商品ですモチベーション上がりました read,0
157,mr bubbl realli help reduc dryness skin cold winter isnt child doesnt like bubbl softer skin recommend read,1
158,work great love scentless use cap half make perfect amount bubbl read,1
159,kid love bubbl bath make lot bubbl tear free wish came larger size go pretti quickli order two four pack keep around read,1
160,month old love good bubbl bath perfect gentl skin read,1
161,good valu product thought would produc bubbl read,1
162,bath time toddler alway goe smoother bubbl definit get job done read,1
163,perfect kiddo bubbl bath recommend issu read,1
164,lo recomiendo read,0
165,blast past child bubbl bath bring great joy still around love read,1
166,nunca sent tan estafada con algo eso era espuma de baño e agua pura la peor compra que hice read,0
167,良い read,0
168,pareil quand jétai jeun read,0
169,相当なスキルを持った商品ですモチベーション上がりました read,0
170,mr bubbl realli help reduc dryness skin cold winter isnt child doesnt like bubbl softer skin recommend read,1
171,work great love scentless use cap half make perfect amount bubbl read,1
172,kid love bubbl bath make lot bubbl tear free wish came larger size go pretti quickli order two four pack keep around read,1
173,month old love good bubbl bath perfect gentl skin read,1
174,good valu product thought would produc bubbl read,1
175,bath time toddler alway goe smoother bubbl definit get job done read,1
176,perfect kiddo bubbl bath recommend issu read,1
177,lo recomiendo read,0
178,blast past child bubbl bath bring great joy still around love read,1
179,nunca sent tan estafada con algo eso era espuma de baño e agua pura la peor compra que hice read,0
180,良い read,0
181,pareil quand jétai jeun read,0
182,相当なスキルを持った商品ですモチベーション上がりました read,0
183,mr bubbl realli help reduc dryness skin cold winter isnt child doesnt like bubbl softer skin recommend read,1
184,work great love scentless use cap half make perfect amount bubbl read,1
185,kid love bubbl bath make lot bubbl tear free wish came larger size go pretti quickli order two four pack keep around read,1
186,month old love good bubbl bath perfect gentl skin read,1
187,good valu product thought would produc bubbl read,1
188,bath time toddler alway goe smoother bubbl definit get job done read,1
189,perfect kiddo bubbl bath recommend issu read,1
190,lo recomiendo read,0
191,blast past child bubbl bath bring great joy still around love read,1
192,nunca sent tan estafada con algo eso era espuma de baño e agua pura la peor compra que hice read,0
193,良い read,0
194,pareil quand jétai jeun read,0
195,相当なスキルを持った商品ですモチベーション上がりました read,0
196,mr bubbl realli help reduc dryness skin cold winter isnt child doesnt like bubbl softer skin recommend read,1
197,work great love scentless use cap half make perfect amount bubbl read,1
198,kid love bubbl bath make lot bubbl tear free wish came larger size go pretti quickli order two four pack keep around read,1
199,month old love good bubbl bath perfect gentl skin read,1
200,good valu product thought would produc bubbl read,1
201,bath time toddler alway goe smoother bubbl definit get job done read,1
202,perfect kiddo bubbl bath recommend issu read,1
203,lo recomiendo read,0
204,blast past child bubbl bath bring great joy still around love read,1
205,nunca sent tan estafada con algo eso era espuma de baño e agua pura la peor compra que hice read,0
206,良い read,0
207,pareil quand jétai jeun read,0
208,相当なスキルを持った商品ですモチベーション上がりました read,0
209,mr bubbl realli help reduc dryness skin cold winter isnt child doesnt like bubbl softer skin recommend read,1
210,work great love scentless use cap half make perfect amount bubbl read,1
211,kid love bubbl bath make lot bubbl tear free wish came larger size go pretti quickli order two four pack keep around read,1
212,month old love good bubbl bath perfect gentl skin read,1
213,good valu product thought would produc bubbl read,1
214,bath time toddler alway goe smoother bubbl definit get job done read,1
215,perfect kiddo bubbl bath recommend issu read,1
216,lo recomiendo read,0
217,blast past child bubbl bath bring great joy still around love read,1
218,nunca sent tan estafada con algo eso era espuma de baño e agua pura la peor compra que hice read,0
219,良い read,0
220,pareil quand jétai jeun read,0
221,相当なスキルを持った商品ですモチベーション上がりました read,0
222,mr bubbl realli help reduc dryness skin cold winter isnt child doesnt like bubbl softer skin recommend read,1
223,work great love scentless use cap half make perfect amount bubbl read,1
224,kid love bubbl bath make lot bubbl tear free wish came larger size go pretti quickli order two four pack keep around read,1
225,month old love good bubbl bath perfect gentl skin read,1
226,good valu product thought would produc bubbl read,1
227,bath time toddler alway goe smoother bubbl definit get job done read,1
228,perfect kiddo bubbl bath recommend issu read,1
229,lo recomiendo read,0
230,blast past child bubbl bath bring great joy still around love read,1
231,nunca sent tan estafada con algo eso era espuma de baño e agua pura la peor compra que hice read,0
232,良い read,0
233,pareil quand jétai jeun read,0
234,相当なスキルを持った商品ですモチベーション上がりました read,0
235,mr bubbl realli help reduc dryness skin cold winter isnt child doesnt like bubbl softer skin recommend read,1
236,work great love scentless use cap half make perfect amount bubbl read,1
237,kid love bubbl bath make lot bubbl tear free wish came larger size go pretti quickli order two four pack keep around read,1
238,month old love good bubbl bath perfect gentl skin read,1
239,good valu product thought would produc bubbl read,1
240,bath time toddler alway goe smoother bubbl definit get job done read,1
241,perfect kiddo bubbl bath recommend issu read,1
242,lo recomiendo read,0
243,blast past child bubbl bath bring great joy still around love read,1
244,nunca sent tan estafada con algo eso era espuma de baño e agua pura la peor compra que hice read,0
245,良い read,0
246,pareil quand jétai jeun read,0
247,相当なスキルを持った商品ですモチベーション上がりました read,0
248,mr bubbl realli help reduc dryness skin cold winter isnt child doesnt like bubbl softer skin recommend read,1
249,work great love scentless use cap half make perfect amount bubbl read,1
250,kid love bubbl bath make lot bubbl tear free wish came larger size go pretti quickli order two four pack keep around read,1
251,month old love good bubbl bath perfect gentl skin read,1
252,good valu product thought would produc bubbl read,1
253,bath time toddler alway goe smoother bubbl definit get job done read,1
254,perfect kiddo bubbl bath recommend issu read,1
255,lo recomiendo read,0
256,blast past child bubbl bath bring great joy still around love read,0
257,nunca sent tan estafada con algo eso era espuma de baño e agua pura la peor compra que hice read,0
258,良い read,0
259,pareil quand jétai jeun read,0
260,相当なスキルを持った商品ですモチベーション上がりました read,0
261,mr bubbl realli help reduc dryness skin cold winter isnt child doesnt like bubbl softer skin recommend read,1
262,work great love scentless use cap half make perfect amount bubbl read,1
263,kid love bubbl bath make lot bubbl tear free wish came larger size go pretti quickli order two four pack keep around read,1
264,month old love good bubbl bath perfect gentl skin read,1
265,good valu product thought would produc bubbl read,1
266,bath time toddler alway goe smoother bubbl definit get job done read,1
267,perfect kiddo bubbl bath recommend issu read,1
268,lo recomiendo read,0
269,blast past child bubbl bath bring great joy still around love read,1
270,nunca sent tan estafada con algo eso era espuma de baño e agua pura la peor compra que hice read,0
271,良い read,0
272,pareil quand jétai jeun read,0
273,相当なスキルを持った商品ですモチベーション上がりました read,0
274,mr bubbl realli help reduc dryness skin cold winter isnt child doesnt like bubbl softer skin recommend read,1
275,work great love scentless use cap half make perfect amount bubbl read,1
276,kid love bubbl bath make lot bubbl tear free wish came larger size go pretti quickli order two four pack keep around read,1
277,month old love good bubbl bath perfect gentl skin read,1
278,good valu product thought would produc bubbl read,1
279,bath time toddler alway goe smoother bubbl definit get job done read,1
280,perfect kiddo bubbl bath recommend issu read,1
281,lo recomiendo read,0
282,blast past child bubbl bath bring great joy still around love read,1
283,nunca sent tan estafada con algo eso era espuma de baño e agua pura la peor compra que hice read,0
284,良い read,0
285,pareil quand jétai jeun read,0
286,相当なスキルを持った商品ですモチベーション上がりました read,0
287,mr bubbl realli help reduc dryness skin cold winter isnt child doesnt like bubbl softer skin recommend read,1
288,work great love scentless use cap half make perfect amount bubbl read,1
289,kid love bubbl bath make lot bubbl tear free wish came larger size go pretti quickli order two four pack keep around read,1
290,month old love good bubbl bath perfect gentl skin read,1
291,good valu product thought would produc bubbl read,1
292,bath time toddler alway goe smoother bubbl definit get job done read,1
293,perfect kiddo bubbl bath recommend issu read,1
294,lo recomiendo read,0
295,blast past child bubbl bath bring great joy still around love read,1
296,nunca sent tan estafada con algo eso era espuma de baño e agua pura la peor compra que hice read,0
297,良い read,0
298,pareil quand jétai jeun read,0
299,相当なスキルを持った商品ですモチベーション上がりました read,0
300,mr bubbl realli help reduc dryness skin cold winter isnt child doesnt like bubbl softer skin recommend read,1
301,work great love scentless use cap half make perfect amount bubbl read,1
302,kid love bubbl bath make lot bubbl tear free wish came larger size go pretti quickli order two four pack keep around read,1
303,month old love good bubbl bath perfect gentl skin read,1
304,good valu product thought would produc bubbl read,1
305,bath time toddler alway goe smoother bubbl definit get job done read,1
306,perfect kiddo bubbl bath recommend issu read,1
307,lo recomiendo read,0
308,blast past child bubbl bath bring great joy still around love read,1
309,nunca sent tan estafada con algo eso era espuma de baño e agua pura la peor compra que hice read,0
310,良い read,0
311,pareil quand jétai jeun read,0
312,相当なスキルを持った商品ですモチベーション上がりました read,0
313,mr bubbl realli help reduc dryness skin cold winter isnt child doesnt like bubbl softer skin recommend read,1
314,work great love scentless use cap half make perfect amount bubbl read,1
315,kid love bubbl bath make lot bubbl tear free wish came larger size go pretti quickli order two four pack keep around read,1
316,month old love good bubbl bath perfect gentl skin read,1
317,good valu product thought would produc bubbl read,1
318,bath time toddler alway goe smoother bubbl definit get job done read,1
319,perfect kiddo bubbl bath recommend issu read,1
320,lo recomiendo read,0
321,blast past child bubbl bath bring great joy still around love read,1
322,nunca sent tan estafada con algo eso era espuma de baño e agua pura la peor compra que hice read,0
323,良い read,0
324,pareil quand jétai jeun read,0
325,相当なスキルを持った商品ですモチベーション上がりました read,0
326,mr bubbl realli help reduc dryness skin cold winter isnt child doesnt like bubbl softer skin recommend read,1
327,work great love scentless use cap half make perfect amount bubbl read,1
328,kid love bubbl bath make lot bubbl tear free wish came larger size go pretti quickli order two four pack keep around read,1
329,month old love good bubbl bath perfect gentl skin read,1
330,good valu product thought would produc bubbl read,1
331,bath time toddler alway goe smoother bubbl definit get job done read,1
332,perfect kiddo bubbl bath recommend issu read,1
333,lo recomiendo read,0
334,blast past child bubbl bath bring great joy still around love read,1
335,nunca sent tan estafada con algo eso era espuma de baño e agua pura la peor compra que hice read,0
336,良い read,0
337,pareil quand jétai jeun read,0
338,相当なスキルを持った商品ですモチベーション上がりました read,0
339,mr bubbl realli help reduc dryness skin cold winter isnt child doesnt like bubbl softer skin recommend read,1
340,work great love scentless use cap half make perfect amount bubbl read,1
341,kid love bubbl bath make lot bubbl tear free wish came larger size go pretti quickli order two four pack keep around read,1
342,month old love good bubbl bath perfect gentl skin read,1
343,good valu product thought would produc bubbl read,1
344,bath time toddler alway goe smoother bubbl definit get job done read,1
345,perfect kiddo bubbl bath recommend issu read,1
346,lo recomiendo read,0
347,blast past child bubbl bath bring great joy still around love read,1
348,nunca sent tan estafada con algo eso era espuma de baño e agua pura la peor compra que hice read,0
349,良い read,0
350,pareil quand jétai jeun read,0
351,相当なスキルを持った商品ですモチベーション上がりました read,0
352,mr bubbl realli help reduc dryness skin cold winter isnt child doesnt like bubbl softer skin recommend read,1
353,work great love scentless use cap half make perfect amount bubbl read,1
354,kid love bubbl bath make lot bubbl tear free wish came larger size go pretti quickli order two four pack keep around read,1
355,month old love good bubbl bath perfect gentl skin read,1
356,good valu product thought would produc bubbl read,1
357,bath time toddler alway goe smoother bubbl definit get job done read,1
358,perfect kiddo bubbl bath recommend issu read,1
359,lo recomiendo read,0
360,blast past child bubbl bath bring great joy still around love read,1
361,nunca sent tan estafada con algo eso era espuma de baño e agua pura la peor compra que hice read,0
362,良い read,0
363,pareil quand jétai jeun read,0
364,相当なスキルを持った商品ですモチベーション上がりました read,0
365,mr bubbl realli help reduc dryness skin cold winter isnt child doesnt like bubbl softer skin recommend read,1
366,work great love scentless use cap half make perfect amount bubbl read,1
367,kid love bubbl bath make lot bubbl tear free wish came larger size go pretti quickli order two four pack keep around read,1
368,month old love good bubbl bath perfect gentl skin read,1
369,good valu product thought would produc bubbl read,1
370,bath time toddler alway goe smoother bubbl definit get job done read,1
371,perfect kiddo bubbl bath recommend issu read,1
372,lo recomiendo read,0
373,blast past child bubbl bath bring great joy still around love read,1
374,nunca sent tan estafada con algo eso era espuma de baño e agua pura la peor compra que hice read,0
375,良い read,0
376,pareil quand jétai jeun read,0
377,相当なスキルを持った商品ですモチベーション上がりました read,0
378,mr bubbl realli help reduc dryness skin cold winter isnt child doesnt like bubbl softer skin recommend read,1
379,work great love scentless use cap half make perfect amount bubbl read,1
380,kid love bubbl bath make lot bubbl tear free wish came larger size go pretti quickli order two four pack keep around read,1
381,month old love good bubbl bath perfect gentl skin read,1
382,good valu product thought would produc bubbl read,1
383,bath time toddler alway goe smoother bubbl definit get job done read,1
384,perfect kiddo bubbl bath recommend issu read,1
385,lo recomiendo read,0
386,blast past child bubbl bath bring great joy still around love read,1
387,nunca sent tan estafada con algo eso era espuma de baño e agua pura la peor compra que hice read,0
388,良い read,0
389,pareil quand jétai jeun read,0
390,相当なスキルを持った商品ですモチベーション上がりました read,0
391,mr bubbl realli help reduc dryness skin cold winter isnt child doesnt like bubbl softer skin recommend read,1
392,work great love scentless use cap half make perfect amount bubbl read,1
393,kid love bubbl bath make lot bubbl tear free wish came larger size go pretti quickli order two four pack keep around read,1
394,month old love good bubbl bath perfect gentl skin read,1
395,good valu product thought would produc bubbl read,1
396,bath time toddler alway goe smoother bubbl definit get job done read,1
397,perfect kiddo bubbl bath recommend issu read,1
398,lo recomiendo read,0
399,blast past child bubbl bath bring great joy still around love read,1
400,nunca sent tan estafada con algo eso era espuma de baño e agua pura la peor compra que hice read,0
401,良い read,0
402,pareil quand jétai jeun read,0
403,相当なスキルを持った商品ですモチベーション上がりました read,0
404,mr bubbl realli help reduc dryness skin cold winter isnt child doesnt like bubbl softer skin recommend read,1
405,work great love scentless use cap half make perfect amount bubbl read,1
406,kid love bubbl bath make lot bubbl tear free wish came larger size go pretti quickli order two four pack keep around read,1
407,month old love good bubbl bath perfect gentl skin read,1
408,good valu product thought would produc bubbl read,1
409,bath time toddler alway goe smoother bubbl definit get job done read,1
410,perfect kiddo bubbl bath recommend issu read,1
411,lo recomiendo read,0
412,blast past child bubbl bath bring great joy still around love read,1
413,nunca sent tan estafada con algo eso era espuma de baño e agua pura la peor compra que hice read,0
414,良い read,0
415,pareil quand jétai jeun read,0
416,相当なスキルを持った商品ですモチベーション上がりました read,0
417,mr bubbl realli help reduc dryness skin cold winter isnt child doesnt like bubbl softer skin recommend read,1
418,work great love scentless use cap half make perfect amount bubbl read,1
419,kid love bubbl bath make lot bubbl tear free wish came larger size go pretti quickli order two four pack keep around read,1
420,month old love good bubbl bath perfect gentl skin read,1
421,good valu product thought would produc bubbl read,1
422,bath time toddler alway goe smoother bubbl definit get job done read,1
423,perfect kiddo bubbl bath recommend issu read,1
424,lo recomiendo read,0
425,blast past child bubbl bath bring great joy still around love read,1
426,nunca sent tan estafada con algo eso era espuma de baño e agua pura la peor compra que hice read,0
427,良い read,0
428,pareil quand jétai jeun read,0
429,相当なスキルを持った商品ですモチベーション上がりました read,0
430,mr bubbl realli help reduc dryness skin cold winter isnt child doesnt like bubbl softer skin recommend read,1
431,work great love scentless use cap half make perfect amount bubbl read,1
432,kid love bubbl bath make lot bubbl tear free wish came larger size go pretti quickli order two four pack keep around read,1
433,month old love good bubbl bath perfect gentl skin read,1
434,good valu product thought would produc bubbl read,1
435,bath time toddler alway goe smoother bubbl definit get job done read,1
436,perfect kiddo bubbl bath recommend issu read,1
437,lo recomiendo read,0
438,blast past child bubbl bath bring great joy still around love read,1
439,nunca sent tan estafada con algo eso era espuma de baño e agua pura la peor compra que hice read,0
440,良い read,0
441,pareil quand jétai jeun read,0
442,相当なスキルを持った商品ですモチベーション上がりました read,0
443,mr bubbl realli help reduc dryness skin cold winter isnt child doesnt like bubbl softer skin recommend read,1
444,work great love scentless use cap half make perfect amount bubbl read,1
445,kid love bubbl bath make lot bubbl tear free wish came larger size go pretti quickli order two four pack keep around read,1
446,month old love good bubbl bath perfect gentl skin read,1
447,good valu product thought would produc bubbl read,1
448,bath time toddler alway goe smoother bubbl definit get job done read,1
449,perfect kiddo bubbl bath recommend issu read,1
450,lo recomiendo read,0
451,blast past child bubbl bath bring great joy still around love read,1
452,nunca sent tan estafada con algo eso era espuma de baño e agua pura la peor compra que hice read,0
453,良い read,0
454,pareil quand jétai jeun read,0
455,相当なスキルを持った商品ですモチベーション上がりました read,0
456,mr bubbl realli help reduc dryness skin cold winter isnt child doesnt like bubbl softer skin recommend read,1
457,work great love scentless use cap half make perfect amount bubbl read,1
458,kid love bubbl bath make lot bubbl tear free wish came larger size go pretti quickli order two four pack keep around read,1
459,month old love good bubbl bath perfect gentl skin read,1
460,good valu product thought would produc bubbl read,1
461,bath time toddler alway goe smoother bubbl definit get job done read,1
462,perfect kiddo bubbl bath recommend issu read,1
463,lo recomiendo read,0
464,blast past child bubbl bath bring great joy still around love read,1
465,nunca sent tan estafada con algo eso era espuma de baño e agua pura la peor compra que hice read,0
466,良い read,0
467,pareil quand jétai jeun read,0
468,相当なスキルを持った商品ですモチベーション上がりました read,0
469,mr bubbl realli help reduc dryness skin cold winter isnt child doesnt like bubbl softer skin recommend read,1
470,work great love scentless use cap half make perfect amount bubbl read,1
471,kid love bubbl bath make lot bubbl tear free wish came larger size go pretti quickli order two four pack keep around read,1
472,month old love good bubbl bath perfect gentl skin read,1
473,good valu product thought would produc bubbl read,1
474,bath time toddler alway goe smoother bubbl definit get job done read,1
475,perfect kiddo bubbl bath recommend issu read,1
476,lo recomiendo read,0
477,blast past child bubbl bath bring great joy still around love read,1
478,nunca sent tan estafada con algo eso era espuma de baño e agua pura la peor compra que hice read,0
479,良い read,0
480,pareil quand jétai jeun read,0
481,相当なスキルを持った商品ですモチベーション上がりました read,0
482,mr bubbl realli help reduc dryness skin cold winter isnt child doesnt like bubbl softer skin recommend read,1
483,work great love scentless use cap half make perfect amount bubbl read,1
484,kid love bubbl bath make lot bubbl tear free wish came larger size go pretti quickli order two four pack keep around read,1
485,month old love good bubbl bath perfect gentl skin read,1
486,good valu product thought would produc bubbl read,1
487,bath time toddler alway goe smoother bubbl definit get job done read,1
488,perfect kiddo bubbl bath recommend issu read,1
489,lo recomiendo read,0
490,blast past child bubbl bath bring great joy still around love read,1
491,nunca sent tan estafada con algo eso era espuma de baño e agua pura la peor compra que hice read,0
492,良い read,0
493,pareil quand jétai jeun read,0
494,相当なスキルを持った商品ですモチベーション上がりました read,0
495,mr bubbl realli help reduc dryness skin cold winter isnt child doesnt like bubbl softer skin recommend read,1
496,work great love scentless use cap half make perfect amount bubbl read,1
497,kid love bubbl bath make lot bubbl tear free wish came larger size go pretti quickli order two four pack keep around read,1
498,month old love good bubbl bath perfect gentl skin read,1
499,good valu product thought would produc bubbl read,1
500,bath time toddler alway goe smoother bubbl definit get job done read,1
501,perfect kiddo bubbl bath recommend issu read,1
502,lo recomiendo read,0
503,blast past child bubbl bath bring great joy still around love read,1
504,nunca sent tan estafada con algo eso era espuma de baño e agua pura la peor compra que hice read,0
505,良い read,0
506,pareil quand jétai jeun read,0
507,相当なスキルを持った商品ですモチベーション上がりました read,0
508,mr bubbl realli help reduc dryness skin cold winter isnt child doesnt like bubbl softer skin recommend read,1
509,work great love scentless use cap half make perfect amount bubbl read,1
510,kid love bubbl bath make lot bubbl tear free wish came larger size go pretti quickli order two four pack keep around read,1
511,month old love good bubbl bath perfect gentl skin read,1
512,good valu product thought would produc bubbl read,1
513,bath time toddler alway goe smoother bubbl definit get job done read,1
514,perfect kiddo bubbl bath recommend issu read,1
515,lo recomiendo read,0
516,blast past child bubbl bath bring great joy still around love read,1
517,nunca sent tan estafada con algo eso era espuma de baño e agua pura la peor compra que hice read,0
518,良い read,0
519,pareil quand jétai jeun read,0
520,相当なスキルを持った商品ですモチベーション上がりました read,0
521,mr bubbl realli help reduc dryness skin cold winter isnt child doesnt like bubbl softer skin recommend read,1
522,work great love scentless use cap half make perfect amount bubbl read,1
523,kid love bubbl bath make lot bubbl tear free wish came larger size go pretti quickli order two four pack keep around read,1
524,month old love good bubbl bath perfect gentl skin read,1
525,good valu product thought would produc bubbl read,1
526,bath time toddler alway goe smoother bubbl definit get job done read,1
527,perfect kiddo bubbl bath recommend issu read,1
528,lo recomiendo read,0
529,blast past child bubbl bath bring great joy still around love read,1
530,nunca sent tan estafada con algo eso era espuma de baño e agua pura la peor compra que hice read,0
531,良い read,0
532,pareil quand jétai jeun read,0
533,相当なスキルを持った商品ですモチベーション上がりました read,0
534,mr bubbl realli help reduc dryness skin cold winter isnt child doesnt like bubbl softer skin recommend read,1
535,work great love scentless use cap half make perfect amount bubbl read,1
536,kid love bubbl bath make lot bubbl tear free wish came larger size go pretti quickli order two four pack keep around read,1
537,month old love good bubbl bath perfect gentl skin read,1
538,good valu product thought would produc bubbl read,1
539,bath time toddler alway goe smoother bubbl definit get job done read,1
540,perfect kiddo bubbl bath recommend issu read,1
541,lo recomiendo read,0
542,blast past child bubbl bath bring great joy still around love read,1
543,nunca sent tan estafada con algo eso era espuma de baño e agua pura la peor compra que hice read,0
544,良い read,0
545,pareil quand jétai jeun read,0
546,相当なスキルを持った商品ですモチベーション上がりました read,0
547,mr bubbl realli help reduc dryness skin cold winter isnt child doesnt like bubbl softer skin recommend read,1
548,work great love scentless use cap half make perfect amount bubbl read,1
549,kid love bubbl bath make lot bubbl tear free wish came larger size go pretti quickli order two four pack keep around read,1
550,month old love good bubbl bath perfect gentl skin read,1
551,good valu product thought would produc bubbl read,1
552,bath time toddler alway goe smoother bubbl definit get job done read,1
553,perfect kiddo bubbl bath recommend issu read,1
554,lo recomiendo read,0
555,blast past child bubbl bath bring great joy still around love read,1
556,nunca sent tan estafada con algo eso era espuma de baño e agua pura la peor compra que hice read,0
557,良い read,0
558,pareil quand jétai jeun read,0
559,相当なスキルを持った商品ですモチベーション上がりました read,0
560,mr bubbl realli help reduc dryness skin cold winter isnt child doesnt like bubbl softer skin recommend read,1
561,work great love scentless use cap half make perfect amount bubbl read,1
562,kid love bubbl bath make lot bubbl tear free wish came larger size go pretti quickli order two four pack keep around read,1
563,month old love good bubbl bath perfect gentl skin read,1
564,good valu product thought would produc bubbl read,1
565,bath time toddler alway goe smoother bubbl definit get job done read,1
566,perfect kiddo bubbl bath recommend issu read,1
567,lo recomiendo read,0
568,blast past child bubbl bath bring great joy still around love read,1
569,nunca sent tan estafada con algo eso era espuma de baño e agua pura la peor compra que hice read,0
570,良い read,0
571,pareil quand jétai jeun read,0
572,相当なスキルを持った商品ですモチベーション上がりました read,0
573,mr bubbl realli help reduc dryness skin cold winter isnt child doesnt like bubbl softer skin recommend read,1
574,work great love scentless use cap half make perfect amount bubbl read,1
575,kid love bubbl bath make lot bubbl tear free wish came larger size go pretti quickli order two four pack keep around read,1
576,month old love good bubbl bath perfect gentl skin read,1
577,good valu product thought would produc bubbl read,1
578,bath time toddler alway goe smoother bubbl definit get job done read,1
579,perfect kiddo bubbl bath recommend issu read,1
580,lo recomiendo read,0
581,blast past child bubbl bath bring great joy still around love read,1
582,nunca sent tan estafada con algo eso era espuma de baño e agua pura la peor compra que hice read,0
583,良い read,0
584,pareil quand jétai jeun read,0
585,相当なスキルを持った商品ですモチベーション上がりました read,0
586,mr bubbl realli help reduc dryness skin cold winter isnt child doesnt like bubbl softer skin recommend read,1
587,work great love scentless use cap half make perfect amount bubbl read,1
588,kid love bubbl bath make lot bubbl tear free wish came larger size go pretti quickli order two four pack keep around read,1
589,month old love good bubbl bath perfect gentl skin read,1
590,good valu product thought would produc bubbl read,1
591,bath time toddler alway goe smoother bubbl definit get job done read,1
592,perfect kiddo bubbl bath recommend issu read,1
593,lo recomiendo read,0
594,blast past child bubbl bath bring great joy still around love read,1
595,nunca sent tan estafada con algo eso era espuma de baño e agua pura la peor compra que hice read,0
596,良い read,0
597,pareil quand jétai jeun read,0
598,相当なスキルを持った商品ですモチベーション上がりました read,0
599,mr bubbl realli help reduc dryness skin cold winter isnt child doesnt like bubbl softer skin recommend read,1
600,work great love scentless use cap half make perfect amount bubbl read,1
601,kid love bubbl bath make lot bubbl tear free wish came larger size go pretti quickli order two four pack keep around read,1
602,month old love good bubbl bath perfect gentl skin read,1
603,good valu product thought would produc bubbl read,1
604,bath time toddler alway goe smoother bubbl definit get job done read,1
605,perfect kiddo bubbl bath recommend issu read,1
606,lo recomiendo read,0
607,blast past child bubbl bath bring great joy still around love read,1
608,nunca sent tan estafada con algo eso era espuma de baño e agua pura la peor compra que hice read,0
609,良い read,0
610,pareil quand jétai jeun read,0
611,相当なスキルを持った商品ですモチベーション上がりました read,0
612,mr bubbl realli help reduc dryness skin cold winter isnt child doesnt like bubbl softer skin recommend read,1
613,work great love scentless use cap half make perfect amount bubbl read,1
614,kid love bubbl bath make lot bubbl tear free wish came larger size go pretti quickli order two four pack keep around read,1
615,month old love good bubbl bath perfect gentl skin read,1
616,good valu product thought would produc bubbl read,1
617,bath time toddler alway goe smoother bubbl definit get job done read,1
618,perfect kiddo bubbl bath recommend issu read,1
619,lo recomiendo read,0
620,blast past child bubbl bath bring great joy still around love read,1
621,nunca sent tan estafada con algo eso era espuma de baño e agua pura la peor compra que hice read,0
622,良い read,0
623,pareil quand jétai jeun read,0
624,相当なスキルを持った商品ですモチベーション上がりました read,0
625,mr bubbl realli help reduc dryness skin cold winter isnt child doesnt like bubbl softer skin recommend read,1
626,work great love scentless use cap half make perfect amount bubbl read,1
627,kid love bubbl bath make lot bubbl tear free wish came larger size go pretti quickli order two four pack keep around read,1
628,month old love good bubbl bath perfect gentl skin read,1
629,good valu product thought would produc bubbl read,1
630,bath time toddler alway goe smoother bubbl definit get job done read,1
631,perfect kiddo bubbl bath recommend issu read,1
632,lo recomiendo read,0
633,blast past child bubbl bath bring great joy still around love read,1
634,nunca sent tan estafada con algo eso era espuma de baño e agua pura la peor compra que hice read,0
635,良い read,0
636,pareil quand jétai jeun read,0
637,相当なスキルを持った商品ですモチベーション上がりました read,0
638,mr bubbl realli help reduc dryness skin cold winter isnt child doesnt like bubbl softer skin recommend read,1
639,work great love scentless use cap half make perfect amount bubbl read,1
640,kid love bubbl bath make lot bubbl tear free wish came larger size go pretti quickli order two four pack keep around read,1
641,month old love good bubbl bath perfect gentl skin read,1
642,good valu product thought would produc bubbl read,1
643,bath time toddler alway goe smoother bubbl definit get job done read,1
644,perfect kiddo bubbl bath recommend issu read,1
645,lo recomiendo read,0
646,blast past child bubbl bath bring great joy still around love read,1
647,nunca sent tan estafada con algo eso era espuma de baño e agua pura la peor compra que hice read,0
648,良い read,0
649,pareil quand jétai jeun read,0
650,相当なスキルを持った商品ですモチベーション上がりました read,0
651,mr bubbl realli help reduc dryness skin cold winter isnt child doesnt like bubbl softer skin recommend read,1
652,work great love scentless use cap half make perfect amount bubbl read,1
653,kid love bubbl bath make lot bubbl tear free wish came larger size go pretti quickli order two four pack keep around read,1
654,month old love good bubbl bath perfect gentl skin read,1
655,good valu product thought would produc bubbl read,1
656,bath time toddler alway goe smoother bubbl definit get job done read,1
657,perfect kiddo bubbl bath recommend issu read,1
658,lo recomiendo read,0
659,blast past child bubbl bath bring great joy still around love read,1
660,nunca sent tan estafada con algo eso era espuma de baño e agua pura la peor compra que hice read,0
661,良い read,0
662,pareil quand jétai jeun read,0
663,相当なスキルを持った商品ですモチベーション上がりました read,0
664,mr bubbl realli help reduc dryness skin cold winter isnt child doesnt like bubbl softer skin recommend read,1
665,work great love scentless use cap half make perfect amount bubbl read,1
666,kid love bubbl bath make lot bubbl tear free wish came larger size go pretti quickli order two four pack keep around read,1
667,month old love good bubbl bath perfect gentl skin read,1
668,good valu product thought would produc bubbl read,1
669,bath time toddler alway goe smoother bubbl definit get job done read,1
670,perfect kiddo bubbl bath recommend issu read,1
671,lo recomiendo read,0
672,blast past child bubbl bath bring great joy still around love read,1
673,nunca sent tan estafada con algo eso era espuma de baño e agua pura la peor compra que hice read,0
674,良い read,0
675,pareil quand jétai jeun read,0
676,相当なスキルを持った商品ですモチベーション上がりました read,0
677,mr bubbl realli help reduc dryness skin cold winter isnt child doesnt like bubbl softer skin recommend read,1
678,work great love scentless use cap half make perfect amount bubbl read,1
679,kid love bubbl bath make lot bubbl tear free wish came larger size go pretti quickli order two four pack keep around read,1
680,month old love good bubbl bath perfect gentl skin read,1
681,good valu product thought would produc bubbl read,1
682,bath time toddler alway goe smoother bubbl definit get job done read,1
683,perfect kiddo bubbl bath recommend issu read,1
684,lo recomiendo read,0
685,blast past child bubbl bath bring great joy still around love read,1
686,nunca sent tan estafada con algo eso era espuma de baño e agua pura la peor compra que hice read,0
687,良い read,0
688,pareil quand jétai jeun read,0
689,相当なスキルを持った商品ですモチベーション上がりました read,0
690,mr bubbl realli help reduc dryness skin cold winter isnt child doesnt like bubbl softer skin recommend read,1
691,work great love scentless use cap half make perfect amount bubbl read,1
692,kid love bubbl bath make lot bubbl tear free wish came larger size go pretti quickli order two four pack keep around read,1
693,month old love good bubbl bath perfect gentl skin read,1
694,good valu product thought would produc bubbl read,1
695,bath time toddler alway goe smoother bubbl definit get job done read,1
696,perfect kiddo bubbl bath recommend issu read,1
697,lo recomiendo read,0
698,blast past child bubbl bath bring great joy still around love read,1
699,nunca sent tan estafada con algo eso era espuma de baño e agua pura la peor compra que hice read,0
700,良い read,0
701,pareil quand jétai jeun read,0
702,相当なスキルを持った商品ですモチベーション上がりました read,0
703,mr bubbl realli help reduc dryness skin cold winter isnt child doesnt like bubbl softer skin recommend read,1
704,work great love scentless use cap half make perfect amount bubbl read,1
705,kid love bubbl bath make lot bubbl tear free wish came larger size go pretti quickli order two four pack keep around read,1
706,month old love good bubbl bath perfect gentl skin read,1
707,good valu product thought would produc bubbl read,1
708,bath time toddler alway goe smoother bubbl definit get job done read,1
709,perfect kiddo bubbl bath recommend issu read,1
710,lo recomiendo read,0
711,blast past child bubbl bath bring great joy still around love read,1
712,nunca sent tan estafada con algo eso era espuma de baño e agua pura la peor compra que hice read,0
713,良い read,0
714,pareil quand jétai jeun read,0
715,相当なスキルを持った商品ですモチベーション上がりました read,0
716,mr bubbl realli help reduc dryness skin cold winter isnt child doesnt like bubbl softer skin recommend read,1
717,work great love scentless use cap half make perfect amount bubbl read,1
718,kid love bubbl bath make lot bubbl tear free wish came larger size go pretti quickli order two four pack keep around read,1
719,month old love good bubbl bath perfect gentl skin read,1
720,good valu product thought would produc bubbl read,1
721,bath time toddler alway goe smoother bubbl definit get job done read,1
722,perfect kiddo bubbl bath recommend issu read,1
723,lo recomiendo read,0
724,blast past child bubbl bath bring great joy still around love read,1
725,nunca sent tan estafada con algo eso era espuma de baño e agua pura la peor compra que hice read,0
726,良い read,0
727,pareil quand jétai jeun read,0
728,相当なスキルを持った商品ですモチベーション上がりました read,0
729,mr bubbl realli help reduc dryness skin cold winter isnt child doesnt like bubbl softer skin recommend read,1
730,work great love scentless use cap half make perfect amount bubbl read,1
731,kid love bubbl bath make lot bubbl tear free wish came larger size go pretti quickli order two four pack keep around read,1
732,month old love good bubbl bath perfect gentl skin read,1
733,good valu product thought would produc bubbl read,1
734,bath time toddler alway goe smoother bubbl definit get job done read,1
735,perfect kiddo bubbl bath recommend issu read,1
736,lo recomiendo read,0
737,blast past child bubbl bath bring great joy still around love read,1
738,nunca sent tan estafada con algo eso era espuma de baño e agua pura la peor compra que hice read,0
739,良い read,0
740,pareil quand jétai jeun read,0
741,相当なスキルを持った商品ですモチベーション上がりました read,0
742,mr bubbl realli help reduc dryness skin cold winter isnt child doesnt like bubbl softer skin recommend read,1
743,work great love scentless use cap half make perfect amount bubbl read,1
744,kid love bubbl bath make lot bubbl tear free wish came larger size go pretti quickli order two four pack keep around read,1
745,month old love good bubbl bath perfect gentl skin read,1
746,good valu product thought would produc bubbl read,1
747,bath time toddler alway goe smoother bubbl definit get job done read,1
748,perfect kiddo bubbl bath recommend issu read,1
749,lo recomiendo read,0
750,blast past child bubbl bath bring great joy still around love read,1
751,nunca sent tan estafada con algo eso era espuma de baño e agua pura la peor compra que hice read,0
752,良い read,0
753,pareil quand jétai jeun read,0
754,相当なスキルを持った商品ですモチベーション上がりました read,0
755,mr bubbl realli help reduc dryness skin cold winter isnt child doesnt like bubbl softer skin recommend read,1
756,work great love scentless use cap half make perfect amount bubbl read,1
757,kid love bubbl bath make lot bubbl tear free wish came larger size go pretti quickli order two four pack keep around read,1
758,month old love good bubbl bath perfect gentl skin read,1
759,good valu product thought would produc bubbl read,1
760,bath time toddler alway goe smoother bubbl definit get job done read,1
761,perfect kiddo bubbl bath recommend issu read,1
762,lo recomiendo read,0
763,blast past child bubbl bath bring great joy still around love read,1
764,nunca sent tan estafada con algo eso era espuma de baño e agua pura la peor compra que hice read,0
765,良い read,0
766,pareil quand jétai jeun read,0
767,相当なスキルを持った商品ですモチベーション上がりました read,0
768,mr bubbl realli help reduc dryness skin cold winter isnt child doesnt like bubbl softer skin recommend read,1
769,work great love scentless use cap half make perfect amount bubbl read,1
770,kid love bubbl bath make lot bubbl tear free wish came larger size go pretti quickli order two four pack keep around read,1
771,month old love good bubbl bath perfect gentl skin read,1
772,good valu product thought would produc bubbl read,1
773,bath time toddler alway goe smoother bubbl definit get job done read,1
774,perfect kiddo bubbl bath recommend issu read,1
775,lo recomiendo read,0
776,blast past child bubbl bath bring great joy still around love read,1
777,nunca sent tan estafada con algo eso era espuma de baño e agua pura la peor compra que hice read,0
778,良い read,0
779,pareil quand jétai jeun read,0
780,相当なスキルを持った商品ですモチベーション上がりました read,0
781,mr bubbl realli help reduc dryness skin cold winter isnt child doesnt like bubbl softer skin recommend read,1
782,work great love scentless use cap half make perfect amount bubbl read,1
783,kid love bubbl bath make lot bubbl tear free wish came larger size go pretti quickli order two four pack keep around read,1
784,month old love good bubbl bath perfect gentl skin read,1
785,good valu product thought would produc bubbl read,1
786,bath time toddler alway goe smoother bubbl definit get job done read,1
787,perfect kiddo bubbl bath recommend issu read,1
788,lo recomiendo read,0
789,blast past child bubbl bath bring great joy still around love read,1
790,nunca sent tan estafada con algo eso era espuma de baño e agua pura la peor compra que hice read,0
791,良い read,0
792,pareil quand jétai jeun read,0
793,相当なスキルを持った商品ですモチベーション上がりました read,0
794,mr bubbl realli help reduc dryness skin cold winter isnt child doesnt like bubbl softer skin recommend read,1
795,work great love scentless use cap half make perfect amount bubbl read,1
796,kid love bubbl bath make lot bubbl tear free wish came larger size go pretti quickli order two four pack keep around read,1
797,month old love good bubbl bath perfect gentl skin read,1
798,good valu product thought would produc bubbl read,1
799,bath time toddler alway goe smoother bubbl definit get job done read,1
800,perfect kiddo bubbl bath recommend issu read,1
801,lo recomiendo read,0
802,blast past child bubbl bath bring great joy still around love read,1
803,nunca sent tan estafada con algo eso era espuma de baño e agua pura la peor compra que hice read,0
804,良い read,0
805,pareil quand jétai jeun read,0
806,相当なスキルを持った商品ですモチベーション上がりました read,0
807,mr bubbl realli help reduc dryness skin cold winter isnt child doesnt like bubbl softer skin recommend read,1
808,work great love scentless use cap half make perfect amount bubbl read,1
809,kid love bubbl bath make lot bubbl tear free wish came larger size go pretti quickli order two four pack keep around read,1
810,month old love good bubbl bath perfect gentl skin read,1
811,good valu product thought would produc bubbl read,1
812,bath time toddler alway goe smoother bubbl definit get job done read,1
813,perfect kiddo bubbl bath recommend issu read,1
814,lo recomiendo read,0
815,blast past child bubbl bath bring great joy still around love read,1
816,nunca sent tan estafada con algo eso era espuma de baño e agua pura la peor compra que hice read,0
817,良い read,0
818,pareil quand jétai jeun read,0
819,相当なスキルを持った商品ですモチベーション上がりました read,0
820,mr bubbl realli help reduc dryness skin cold winter isnt child doesnt like bubbl softer skin recommend read,1
821,work great love scentless use cap half make perfect amount bubbl read,1
822,kid love bubbl bath make lot bubbl tear free wish came larger size go pretti quickli order two four pack keep around read,1
823,month old love good bubbl bath perfect gentl skin read,1
824,good valu product thought would produc bubbl read,1
825,bath time toddler alway goe smoother bubbl definit get job done read,1
826,perfect kiddo bubbl bath recommend issu read,1
827,lo recomiendo read,0
828,blast past child bubbl bath bring great joy still around love read,1
829,nunca sent tan estafada con algo eso era espuma de baño e agua pura la peor compra que hice read,0
830,良い read,0
831,pareil quand jétai jeun read,0
832,相当なスキルを持った商品ですモチベーション上がりました read,0
833,mr bubbl realli help reduc dryness skin cold winter isnt child doesnt like bubbl softer skin recommend read,1
834,work great love scentless use cap half make perfect amount bubbl read,1
835,kid love bubbl bath make lot bubbl tear free wish came larger size go pretti quickli order two four pack keep around read,1
836,month old love good bubbl bath perfect gentl skin read,1
837,good valu product thought would produc bubbl read,1
838,bath time toddler alway goe smoother bubbl definit get job done read,1
839,perfect kiddo bubbl bath recommend issu read,1
840,lo recomiendo read,0
841,blast past child bubbl bath bring great joy still around love read,1
842,nunca sent tan estafada con algo eso era espuma de baño e agua pura la peor compra que hice read,0
843,良い read,0
844,pareil quand jétai jeun read,0
845,相当なスキルを持った商品ですモチベーション上がりました read,0
846,mr bubbl realli help reduc dryness skin cold winter isnt child doesnt like bubbl softer skin recommend read,1
847,work great love scentless use cap half make perfect amount bubbl read,1
848,kid love bubbl bath make lot bubbl tear free wish came larger size go pretti quickli order two four pack keep around read,1
849,month old love good bubbl bath perfect gentl skin read,1
850,good valu product thought would produc bubbl read,1
851,bath time toddler alway goe smoother bubbl definit get job done read,1
852,perfect kiddo bubbl bath recommend issu read,1
853,lo recomiendo read,0
854,blast past child bubbl bath bring great joy still around love read,1
855,nunca sent tan estafada con algo eso era espuma de baño e agua pura la peor compra que hice read,0
856,良い read,0
857,pareil quand jétai jeun read,0
858,相当なスキルを持った商品ですモチベーション上がりました read,0
859,mr bubbl realli help reduc dryness skin cold winter isnt child doesnt like bubbl softer skin recommend read,1
860,work great love scentless use cap half make perfect amount bubbl read,1
861,kid love bubbl bath make lot bubbl tear free wish came larger size go pretti quickli order two four pack keep around read,1
862,month old love good bubbl bath perfect gentl skin read,1
863,good valu product thought would produc bubbl read,1
864,bath time toddler alway goe smoother bubbl definit get job done read,1
865,perfect kiddo bubbl bath recommend issu read,1
866,lo recomiendo read,0
867,blast past child bubbl bath bring great joy still around love read,1
868,nunca sent tan estafada con algo eso era espuma de baño e agua pura la peor compra que hice read,0
869,良い read,0
870,pareil quand jétai jeun read,0
871,相当なスキルを持った商品ですモチベーション上がりました read,0
872,mr bubbl realli help reduc dryness skin cold winter isnt child doesnt like bubbl softer skin recommend read,1
873,work great love scentless use cap half make perfect amount bubbl read,1
874,kid love bubbl bath make lot bubbl tear free wish came larger size go pretti quickli order two four pack keep around read,1
875,month old love good bubbl bath perfect gentl skin read,1
876,good valu product thought would produc bubbl read,1
877,bath time toddler alway goe smoother bubbl definit get job done read,1
878,perfect kiddo bubbl bath recommend issu read,1
879,lo recomiendo read,0
880,blast past child bubbl bath bring great joy still around love read,1
881,nunca sent tan estafada con algo eso era espuma de baño e agua pura la peor compra que hice read,0
882,良い read,0
883,pareil quand jétai jeun read,0
884,相当なスキルを持った商品ですモチベーション上がりました read,0
885,mr bubbl realli help reduc dryness skin cold winter isnt child doesnt like bubbl softer skin recommend read,1
886,work great love scentless use cap half make perfect amount bubbl read,1
887,kid love bubbl bath make lot bubbl tear free wish came larger size go pretti quickli order two four pack keep around read,1
888,month old love good bubbl bath perfect gentl skin read,1
889,good valu product thought would produc bubbl read,1
890,bath time toddler alway goe smoother bubbl definit get job done read,1
891,perfect kiddo bubbl bath recommend issu read,1
892,lo recomiendo read,0
893,blast past child bubbl bath bring great joy still around love read,1
894,nunca sent tan estafada con algo eso era espuma de baño e agua pura la peor compra que hice read,0
895,良い read,0
896,pareil quand jétai jeun read,0
897,相当なスキルを持った商品ですモチベーション上がりました read,0
898,mr bubbl realli help reduc dryness skin cold winter isnt child doesnt like bubbl softer skin recommend read,1
899,work great love scentless use cap half make perfect amount bubbl read,1
900,kid love bubbl bath make lot bubbl tear free wish came larger size go pretti quickli order two four pack keep around read,1
901,month old love good bubbl bath perfect gentl skin read,1
902,good valu product thought would produc bubbl read,1
903,bath time toddler alway goe smoother bubbl definit get job done read,1
904,perfect kiddo bubbl bath recommend issu read,1
905,lo recomiendo read,0
906,blast past child bubbl bath bring great joy still around love read,1
907,nunca sent tan estafada con algo eso era espuma de baño e agua pura la peor compra que hice read,0
908,良い read,0
909,pareil quand jétai jeun read,0
910,相当なスキルを持った商品ですモチベーション上がりました read,0
911,mr bubbl realli help reduc dryness skin cold winter isnt child doesnt like bubbl softer skin recommend read,1
912,work great love scentless use cap half make perfect amount bubbl read,1
913,kid love bubbl bath make lot bubbl tear free wish came larger size go pretti quickli order two four pack keep around read,1
914,month old love good bubbl bath perfect gentl skin read,1
915,good valu product thought would produc bubbl read,1
916,bath time toddler alway goe smoother bubbl definit get job done read,1
917,perfect kiddo bubbl bath recommend issu read,1
918,lo recomiendo read,0
919,blast past child bubbl bath bring great joy still around love read,1
920,nunca sent tan estafada con algo eso era espuma de baño e agua pura la peor compra que hice read,0
921,良い read,0
922,pareil quand jétai jeun read,0
923,相当なスキルを持った商品ですモチベーション上がりました read,0
924,mr bubbl realli help reduc dryness skin cold winter isnt child doesnt like bubbl softer skin recommend read,1
925,work great love scentless use cap half make perfect amount bubbl read,1
926,kid love bubbl bath make lot bubbl tear free wish came larger size go pretti quickli order two four pack keep around read,1
927,month old love good bubbl bath perfect gentl skin read,1
928,good valu product thought would produc bubbl read,1
929,bath time toddler alway goe smoother bubbl definit get job done read,1
930,perfect kiddo bubbl bath recommend issu read,1
931,lo recomiendo read,0
932,blast past child bubbl bath bring great joy still around love read,1
933,nunca sent tan estafada con algo eso era espuma de baño e agua pura la peor compra que hice read,0
934,良い read,0
935,pareil quand jétai jeun read,0
936,相当なスキルを持った商品ですモチベーション上がりました read,0
937,mr bubbl realli help reduc dryness skin cold winter isnt child doesnt like bubbl softer skin recommend read,1
938,work great love scentless use cap half make perfect amount bubbl read,1
939,kid love bubbl bath make lot bubbl tear free wish came larger size go pretti quickli order two four pack keep around read,1
940,month old love good bubbl bath perfect gentl skin read,1
941,good valu product thought would produc bubbl read,1
942,bath time toddler alway goe smoother bubbl definit get job done read,1
943,perfect kiddo bubbl bath recommend issu read,1
944,lo recomiendo read,0
945,blast past child bubbl bath bring great joy still around love read,1
946,nunca sent tan estafada con algo eso era espuma de baño e agua pura la peor compra que hice read,0
947,良い read,0
948,pareil quand jétai jeun read,0
949,相当なスキルを持った商品ですモチベーション上がりました read,0
950,mr bubbl realli help reduc dryness skin cold winter isnt child doesnt like bubbl softer skin recommend read,1
951,work great love scentless use cap half make perfect amount bubbl read,1
952,kid love bubbl bath make lot bubbl tear free wish came larger size go pretti quickli order two four pack keep around read,1
953,month old love good bubbl bath perfect gentl skin read,1
954,good valu product thought would produc bubbl read,1
955,bath time toddler alway goe smoother bubbl definit get job done read,1
956,perfect kiddo bubbl bath recommend issu read,1
957,lo recomiendo read,0
958,blast past child bubbl bath bring great joy still around love read,1
959,nunca sent tan estafada con algo eso era espuma de baño e agua pura la peor compra que hice read,0
960,良い read,0
961,pareil quand jétai jeun read,0
962,相当なスキルを持った商品ですモチベーション上がりました read,0
963,mr bubbl realli help reduc dryness skin cold winter isnt child doesnt like bubbl softer skin recommend read,1
964,work great love scentless use cap half make perfect amount bubbl read,1
965,kid love bubbl bath make lot bubbl tear free wish came larger size go pretti quickli order two four pack keep around read,1
966,month old love good bubbl bath perfect gentl skin read,1
967,good valu product thought would produc bubbl read,1
968,bath time toddler alway goe smoother bubbl definit get job done read,1
969,perfect kiddo bubbl bath recommend issu read,1
970,lo recomiendo read,0
971,blast past child bubbl bath bring great joy still around love read,1
972,nunca sent tan estafada con algo eso era espuma de baño e agua pura la peor compra que hice read,0
973,良い read,0
974,pareil quand jétai jeun read,0
975,相当なスキルを持った商品ですモチベーション上がりました read,0
976,mr bubbl realli help reduc dryness skin cold winter isnt child doesnt like bubbl softer skin recommend read,1
977,work great love scentless use cap half make perfect amount bubbl read,1
978,kid love bubbl bath make lot bubbl tear free wish came larger size go pretti quickli order two four pack keep around read,1
979,month old love good bubbl bath perfect gentl skin read,1
980,good valu product thought would produc bubbl read,1
981,bath time toddler alway goe smoother bubbl definit get job done read,1
982,perfect kiddo bubbl bath recommend issu read,1
983,lo recomiendo read,0
984,blast past child bubbl bath bring great joy still around love read,1
985,nunca sent tan estafada con algo eso era espuma de baño e agua pura la peor compra que hice read,0
986,良い read,0
987,pareil quand jétai jeun read,0
988,相当なスキルを持った商品ですモチベーション上がりました read,0
989,mr bubbl realli help reduc dryness skin cold winter isnt child doesnt like bubbl softer skin recommend read,1
990,work great love scentless use cap half make perfect amount bubbl read,1
991,kid love bubbl bath make lot bubbl tear free wish came larger size go pretti quickli order two four pack keep around read,1
992,month old love good bubbl bath perfect gentl skin read,1
993,good valu product thought would produc bubbl read,1
994,bath time toddler alway goe smoother bubbl definit get job done read,1
995,perfect kiddo bubbl bath recommend issu read,1
996,lo recomiendo read,0
997,blast past child bubbl bath bring great joy still around love read,1
998,nunca sent tan estafada con algo eso era espuma de baño e agua pura la peor compra que hice read,0
999,良い read,0
1000,pareil quand jétai jeun read,0
1001,相当なスキルを持った商品ですモチベーション上がりました read,0
1002,mr bubbl realli help reduc dryness skin cold winter isnt child doesnt like bubbl softer skin recommend read,1
1003,work great love scentless use cap half make perfect amount bubbl read,1
1004,kid love bubbl bath make lot bubbl tear free wish came larger size go pretti quickli order two four pack keep around read,1
1005,month old love good bubbl bath perfect gentl skin read,1
1006,good valu product thought would produc bubbl read,1
1007,bath time toddler alway goe smoother bubbl definit get job done read,1
1008,perfect kiddo bubbl bath recommend issu read,1
1009,lo recomiendo read,0
,blast past child bubbl bath bring great joy still around love read,
,nunca sent tan estafada con algo eso era espuma de baño e agua pura la peor compra que hice read,
,良い read,
,pareil quand jétai jeun read,
,相当なスキルを持った商品ですモチベーション上がりました read,
,mr bubbl realli help reduc dryness skin cold winter isnt child doesnt like bubbl softer skin recommend read,
,work great love scentless use cap half make perfect amount bubbl read,
,kid love bubbl bath make lot bubbl tear free wish came larger size go pretti quickli order two four pack keep around read,
,month old love good bubbl bath perfect gentl skin read,
,good valu product thought would produc bubbl read,
,bath time toddler alway goe smoother bubbl definit get job done read,
,perfect kiddo bubbl bath recommend issu read,
,lo recomiendo read,
,blast past child bubbl bath bring great joy still around love read,
,nunca sent tan estafada con algo eso era espuma de baño e agua pura la peor compra que hice read,
,良い read,
,pareil quand jétai jeun read,
,相当なスキルを持った商品ですモチベーション上がりました read,
,mr bubbl realli help reduc dryness skin cold winter isnt child doesnt like bubbl softer skin recommend read,
,work great love scentless use cap half make perfect amount bubbl read,
,kid love bubbl bath make lot bubbl tear free wish came larger size go pretti quickli order two four pack keep around read,
,month old love good bubbl bath perfect gentl skin read,
,good valu product thought would produc bubbl read,
,bath time toddler alway goe smoother bubbl definit get job done read,
,perfect kiddo bubbl bath recommend issu read,
,lo recomiendo read,
,blast past child bubbl bath bring great joy still around love read,
,nunca sent tan estafada con algo eso era espuma de baño e agua pura la peor compra que hice read,
,良い read,
,pareil quand jétai jeun read,
,相当なスキルを持った商品ですモチベーション上がりました read,
,mr bubbl realli help reduc dryness skin cold winter isnt child doesnt like bubbl softer skin recommend read,
,work great love scentless use cap half make perfect amount bubbl read,
,kid love bubbl bath make lot bubbl tear free wish came larger size go pretti quickli order two four pack keep around read,
,month old love good bubbl bath perfect gentl skin read,
,good valu product thought would produc bubbl read,
,bath time toddler alway goe smoother bubbl definit get job done read,
,perfect kiddo bubbl bath recommend issu read,
,lo recomiendo read,
,blast past child bubbl bath bring great joy still around love read,
,nunca sent tan estafada con algo eso era espuma de baño e agua pura la peor compra que hice read,
,良い read,
,pareil quand jétai jeun read,
,相当なスキルを持った商品ですモチベーション上がりました read,
,mr bubbl realli help reduc dryness skin cold winter isnt child doesnt like bubbl softer skin recommend read,
,work great love scentless use cap half make perfect amount bubbl read,
,kid love bubbl bath make lot bubbl tear free wish came larger size go pretti quickli order two four pack keep around read,
,month old love good bubbl bath perfect gentl skin read,
,good valu product thought would produc bubbl read,
,bath time toddler alway goe smoother bubbl definit get job done read,
,perfect kiddo bubbl bath recommend issu read,
,lo recomiendo read,
,blast past child bubbl bath bring great joy still around love read,
,nunca sent tan estafada con algo eso era espuma de baño e agua pura la peor compra que hice read,
,良い read,
,pareil quand jétai jeun read,
,相当なスキルを持った商品ですモチベーション上がりました read,
,mr bubbl realli help reduc dryness skin cold winter isnt child doesnt like bubbl softer skin recommend read,
,work great love scentless use cap half make perfect amount bubbl read,
,kid love bubbl bath make lot bubbl tear free wish came larger size go pretti quickli order two four pack keep around read,
,month old love good bubbl bath perfect gentl skin read,
,good valu product thought would produc bubbl read,
,bath time toddler alway goe smoother bubbl definit get job done read,
,perfect kiddo bubbl bath recommend issu read,
,lo recomiendo read,
,blast past child bubbl bath bring great joy still around love read,
,nunca sent tan estafada con algo eso era espuma de baño e agua pura la peor compra que hice read,
,良い read,
,pareil quand jétai jeun read,
,相当なスキルを持った商品ですモチベーション上がりました read,
,mr bubbl realli help reduc dryness skin cold winter isnt child doesnt like bubbl softer skin recommend read,
,work great love scentless use cap half make perfect amount bubbl read,
,kid love bubbl bath make lot bubbl tear free wish came larger size go pretti quickli order two four pack keep around read,
,month old love good bubbl bath perfect gentl skin read,
,good valu product thought would produc bubbl read,
,bath time toddler alway goe smoother bubbl definit get job done read,
,perfect kiddo bubbl bath recommend issu read,
,lo recomiendo read,
,blast past child bubbl bath bring great joy still around love read,
,nunca sent tan estafada con algo eso era espuma de baño e agua pura la peor compra que hice read,
,良い read,
,pareil quand jétai jeun read,
,相当なスキルを持った商品ですモチベーション上がりました read,
,mr bubbl realli help reduc dryness skin cold winter isnt child doesnt like bubbl softer skin recommend read,
,work great love scentless use cap half make perfect amount bubbl read,
,kid love bubbl bath make lot bubbl tear free wish came larger size go pretti quickli order two four pack keep around read,
,month old love good bubbl bath perfect gentl skin read,
,good valu product thought would produc bubbl read,
,bath time toddler alway goe smoother bubbl definit get job done read,
,perfect kiddo bubbl bath recommend issu read,
,lo recomiendo read,
,blast past child bubbl bath bring great joy still around love read,
,nunca sent tan estafada con algo eso era espuma de baño e agua pura la peor compra que hice read,
,良い read,
,pareil quand jétai jeun read,
,相当なスキルを持った商品ですモチベーション上がりました read,
,mr bubbl realli help reduc dryness skin cold winter isnt child doesnt like bubbl softer skin recommend read,
,work great love scentless use cap half make perfect amount bubbl read,
,kid love bubbl bath make lot bubbl tear free wish came larger size go pretti quickli order two four pack keep around read,
,month old love good bubbl bath perfect gentl skin read,
,good valu product thought would produc bubbl read,
,bath time toddler alway goe smoother bubbl definit get job done read,
,perfect kiddo bubbl bath recommend issu read,
,lo recomiendo read,
,blast past child bubbl bath bring great joy still around love read,
,nunca sent tan estafada con algo eso era espuma de baño e agua pura la peor compra que hice read,
,良い read,
,pareil quand jétai jeun read,
,相当なスキルを持った商品ですモチベーション上がりました read,
,mr bubbl realli help reduc dryness skin cold winter isnt child doesnt like bubbl softer skin recommend read,
,work great love scentless use cap half make perfect amount bubbl read,
,kid love bubbl bath make lot bubbl tear free wish came larger size go pretti quickli order two four pack keep around read,
,month old love good bubbl bath perfect gentl skin read,
,good valu product thought would produc bubbl read,
,bath time toddler alway goe smoother bubbl definit get job done read,
,perfect kiddo bubbl bath recommend issu read,
,lo recomiendo read,
,blast past child bubbl bath bring great joy still around love read,
,nunca sent tan estafada con algo eso era espuma de baño e agua pura la peor compra que hice read,
,良い read,
,pareil quand jétai jeun read,
,相当なスキルを持った商品ですモチベーション上がりました read,
,mr bubbl realli help reduc dryness skin cold winter isnt child doesnt like bubbl softer skin recommend read,
,work great love scentless use cap half make perfect amount bubbl read,
,kid love bubbl bath make lot bubbl tear free wish came larger size go pretti quickli order two four pack keep around read,
,month old love good bubbl bath perfect gentl skin read,
,good valu product thought would produc bubbl read,
,bath time toddler alway goe smoother bubbl definit get job done read,
,perfect kiddo bubbl bath recommend issu read,
,lo recomiendo read,
,blast past child bubbl bath bring great joy still around love read,
,nunca sent tan estafada con algo eso era espuma de baño e agua pura la peor compra que hice read,
,良い read,
,pareil quand jétai jeun read,
,相当なスキルを持った商品ですモチベーション上がりました read,
,mr bubbl realli help reduc dryness skin cold winter isnt child doesnt like bubbl softer skin recommend read,
,work great love scentless use cap half make perfect amount bubbl read,
,kid love bubbl bath make lot bubbl tear free wish came larger size go pretti quickli order two four pack keep around read,
,month old love good bubbl bath perfect gentl skin read,
,good valu product thought would produc bubbl read,
,bath time toddler alway goe smoother bubbl definit get job done read,
,perfect kiddo bubbl bath recommend issu read,
,lo recomiendo read,
,blast past child bubbl bath bring great joy still around love read,
,nunca sent tan estafada con algo eso era espuma de baño e agua pura la peor compra que hice read,
,良い read,
,pareil quand jétai jeun read,
,相当なスキルを持った商品ですモチベーション上がりました read,
,mr bubbl realli help reduc dryness skin cold winter isnt child doesnt like bubbl softer skin recommend read,
,work great love scentless use cap half make perfect amount bubbl read,
,kid love bubbl bath make lot bubbl tear free wish came larger size go pretti quickli order two four pack keep around read,
,month old love good bubbl bath perfect gentl skin read,
,good valu product thought would produc bubbl read,
,bath time toddler alway goe smoother bubbl definit get job done read,
,perfect kiddo bubbl bath recommend issu read,
,lo recomiendo read,
,blast past child bubbl bath bring great joy still around love read,
,nunca sent tan estafada con algo eso era espuma de baño e agua pura la peor compra que hice read,
,良い read,
,pareil quand jétai jeun read,
,相当なスキルを持った商品ですモチベーション上がりました read,
,mr bubbl realli help reduc dryness skin cold winter isnt child doesnt like bubbl softer skin recommend read,
,work great love scentless use cap half make perfect amount bubbl read,
,kid love bubbl bath make lot bubbl tear free wish came larger size go pretti quickli order two four pack keep around read,
,month old love good bubbl bath perfect gentl skin read,
,good valu product thought would produc bubbl read,
,bath time toddler alway goe smoother bubbl definit get job done read,
,perfect kiddo bubbl bath recommend issu read,
,lo recomiendo read,
,blast past child bubbl bath bring great joy still around love read,
,nunca sent tan estafada con algo eso era espuma de baño e agua pura la peor compra que hice read,
,良い read,
,pareil quand jétai jeun read,
,相当なスキルを持った商品ですモチベーション上がりました read,
,mr bubbl realli help reduc dryness skin cold winter isnt child doesnt like bubbl softer skin recommend read,
,work great love scentless use cap half make perfect amount bubbl read,
,kid love bubbl bath make lot bubbl tear free wish came larger size go pretti quickli order two four pack keep around read,
,month old love good bubbl bath perfect gentl skin read,
,good valu product thought would produc bubbl read,
,bath time toddler alway goe smoother bubbl definit get job done read,
,perfect kiddo bubbl bath recommend issu read,
,lo recomiendo read,
,blast past child bubbl bath bring great joy still around love read,
,nunca sent tan estafada con algo eso era espuma de baño e agua pura la peor compra que hice read,
,良い read,
,pareil quand jétai jeun read,
,相当なスキルを持った商品ですモチベーション上がりました read,
,mr bubbl realli help reduc dryness skin cold winter isnt child doesnt like bubbl softer skin recommend read,
,work great love scentless use cap half make perfect amount bubbl read,
,kid love bubbl bath make lot bubbl tear free wish came larger size go pretti quickli order two four pack keep around read,
,month old love good bubbl bath perfect gentl skin read,
,good valu product thought would produc bubbl read,
,bath time toddler alway goe smoother bubbl definit get job done read,
,perfect kiddo bubbl bath recommend issu read,
,lo recomiendo read,
,blast past child bubbl bath bring great joy still around love read,
,nunca sent tan estafada con algo eso era espuma de baño e agua pura la peor compra que hice read,
,良い read,
,pareil quand jétai jeun read,
,相当なスキルを持った商品ですモチベーション上がりました read,
,mr bubbl realli help reduc dryness skin cold winter isnt child doesnt like bubbl softer skin recommend read,
,work great love scentless use cap half make perfect amount bubbl read,
,kid love bubbl bath make lot bubbl tear free wish came larger size go pretti quickli order two four pack keep around read,
,month old love good bubbl bath perfect gentl skin read,
,good valu product thought would produc bubbl read,
,bath time toddler alway goe smoother bubbl definit get job done read,
,perfect kiddo bubbl bath recommend issu read,
,lo recomiendo read,
,blast past child bubbl bath bring great joy still around love read,
,nunca sent tan estafada con algo eso era espuma de baño e agua pura la peor compra que hice read,
,良い read,
,pareil quand jétai jeun read,
,相当なスキルを持った商品ですモチベーション上がりました read,
,mr bubbl realli help reduc dryness skin cold winter isnt child doesnt like bubbl softer skin recommend read,
,work great love scentless use cap half make perfect amount bubbl read,
,kid love bubbl bath make lot bubbl tear free wish came larger size go pretti quickli order two four pack keep around read,
,month old love good bubbl bath perfect gentl skin read,
,good valu product thought would produc bubbl read,
,bath time toddler alway goe smoother bubbl definit get job done read,
,perfect kiddo bubbl bath recommend issu read,
,lo recomiendo read,
,blast past child bubbl bath bring great joy still around love read,
,nunca sent tan estafada con algo eso era espuma de baño e agua pura la peor compra que hice read,
,良い read,
,pareil quand jétai jeun read,
,相当なスキルを持った商品ですモチベーション上がりました read,
,mr bubbl realli help reduc dryness skin cold winter isnt child doesnt like bubbl softer skin recommend read,
,work great love scentless use cap half make perfect amount bubbl read,
,kid love bubbl bath make lot bubbl tear free wish came larger size go pretti quickli order two four pack keep around read,
,month old love good bubbl bath perfect gentl skin read,
,good valu product thought would produc bubbl read,
,bath time toddler alway goe smoother bubbl definit get job done read,
,perfect kiddo bubbl bath recommend issu read,
,lo recomiendo read,
,blast past child bubbl bath bring great joy still around love read,
,nunca sent tan estafada con algo eso era espuma de baño e agua pura la peor compra que hice read,
,良い read,
,pareil quand jétai jeun read,
,相当なスキルを持った商品ですモチベーション上がりました read,
,mr bubbl realli help reduc dryness skin cold winter isnt child doesnt like bubbl softer skin recommend read,
,work great love scentless use cap half make perfect amount bubbl read,
,kid love bubbl bath make lot bubbl tear free wish came larger size go pretti quickli order two four pack keep around read,
,month old love good bubbl bath perfect gentl skin read,
,good valu product thought would produc bubbl read,
,bath time toddler alway goe smoother bubbl definit get job done read,
,perfect kiddo bubbl bath recommend issu read,
,lo recomiendo read,
,blast past child bubbl bath bring great joy still around love read,
,nunca sent tan estafada con algo eso era espuma de baño e agua pura la peor compra que hice read,
,良い read,
,pareil quand jétai jeun read,
,相当なスキルを持った商品ですモチベーション上がりました read,
,mr bubbl realli help reduc dryness skin cold winter isnt child doesnt like bubbl softer skin recommend read,
,work great love scentless use cap half make perfect amount bubbl read,
,kid love bubbl bath make lot bubbl tear free wish came larger size go pretti quickli order two four pack keep around read,
,month old love good bubbl bath perfect gentl skin read,
,good valu product thought would produc bubbl read,
,bath time toddler alway goe smoother bubbl definit get job done read,
,perfect kiddo bubbl bath recommend issu read,
,lo recomiendo read,
,blast past child bubbl bath bring great joy still around love read,
,nunca sent tan estafada con algo eso era espuma de baño e agua pura la peor compra que hice read,
,良い read,
,pareil quand jétai jeun read,
,相当なスキルを持った商品ですモチベーション上がりました read,
,mr bubbl realli help reduc dryness skin cold winter isnt child doesnt like bubbl softer skin recommend read,
,work great love scentless use cap half make perfect amount bubbl read,
,kid love bubbl bath make lot bubbl tear free wish came larger size go pretti quickli order two four pack keep around read,
,month old love good bubbl bath perfect gentl skin read,
,good valu product thought would produc bubbl read,
,bath time toddler alway goe smoother bubbl definit get job done read,
,perfect kiddo bubbl bath recommend issu read,
,lo recomiendo read,
,blast past child bubbl bath bring great joy still around love read,
,nunca sent tan estafada con algo eso era espuma de baño e agua pura la peor compra que hice read,
,良い read,
,pareil quand jétai jeun read,
,相当なスキルを持った商品ですモチベーション上がりました read,
,mr bubbl realli help reduc dryness skin cold winter isnt child doesnt like bubbl softer skin recommend read,
,work great love scentless use cap half make perfect amount bubbl read,
,kid love bubbl bath make lot bubbl tear free wish came larger size go pretti quickli order two four pack keep around read,
,month old love good bubbl bath perfect gentl skin read,
,good valu product thought would produc bubbl read,
,bath time toddler alway goe smoother bubbl definit get job done read,
,perfect kiddo bubbl bath recommend issu read,
,lo recomiendo read,
,blast past child bubbl bath bring great joy still around love read,
,nunca sent tan estafada con algo eso era espuma de baño e agua pura la peor compra que hice read,
,良い read,
,pareil quand jétai jeun read,
,相当なスキルを持った商品ですモチベーション上がりました read,
